FIPS,County,State,Country,distance_to_itself,distance_to_NYC
1001.0,Autauga, Alabama, US,8.9167975992943,2.8548088953334885
1003.0,Baldwin, Alabama, US,2.492269846507754,2.1352270257218215
1009.0,Blount, Alabama, US,4.025481498154466,2.326107425026823
1015.0,Calhoun, Alabama, US,5.0521152678201755,2.485639824682954
1017.0,Chambers, Alabama, US,7.973129753882263,7.12813427433678
1021.0,Chilton, Alabama, US,3.448268460777828,2.1928345485416205
1031.0,Coffee, Alabama, US,4.136906945560722,2.530856058508273
1033.0,Colbert, Alabama, US,8.651617194232163,2.542633075235211
1039.0,Covington, Alabama, US,4.398860984930961,9.268419562139183
1043.0,Cullman, Alabama, US,5.508497124707986,2.6516763546865043
1045.0,Dale, Alabama, US,6.853864864131098,3.3835799672748537
1047.0,Dallas, Alabama, US,9.757818530218051,7.629654508095548
1049.0,DeKalb, Alabama, US,5.18317559778662,2.8218451040333856
1051.0,Elmore, Alabama, US,7.887608809211439,3.648681307878579
1053.0,Escambia, Alabama, US,5.790178270977518,8.538195109672927
1055.0,Etowah, Alabama, US,4.2002145304239455,2.62324909285648
1059.0,Franklin, Alabama, US,12.864562053820332,7.108206489442888
1061.0,Geneva, Alabama, US,10.324614312702684,9.870385547065
1069.0,Houston, Alabama, US,5.85646053261216,3.054165999764476
1071.0,Jackson, Alabama, US,3.8722950529424556,2.360220847195085
1073.0,Jefferson, Alabama, US,5.216066317450936,3.6548709457532347
1077.0,Lauderdale, Alabama, US,5.89893478580598,3.2131390732472256
1079.0,Lawrence, Alabama, US,9.279830319986328,8.325018843601248
1081.0,Lee, Alabama, US,4.621883142701059,3.277298564523353
1083.0,Limestone, Alabama, US,6.114171433408759,3.5036627576172195
1089.0,Madison, Alabama, US,5.174932573194013,3.7076895084954073
1095.0,Marshall, Alabama, US,5.658919119189563,3.176639507716942
1097.0,Mobile, Alabama, US,4.0596899094298395,3.2681482427904265
1101.0,Montgomery, Alabama, US,8.293800899912851,4.0091496222376595
1103.0,Morgan, Alabama, US,9.117991742526364,2.6238872309289754
1109.0,Pike, Alabama, US,11.863144798320498,10.273578401937069
1113.0,Russell, Alabama, US,6.01083435016117,4.442378128143055
1117.0,Shelby, Alabama, US,3.2991687262866853,3.4406327474337224
1115.0,St. Clair, Alabama, US,2.7643775761061433,3.2600771863002906
1121.0,Talladega, Alabama, US,3.7712369635639162,2.8182587712328275
1123.0,Tallapoosa, Alabama, US,4.077199426217681,4.089627541429545
1125.0,Tuscaloosa, Alabama, US,8.389578060075058,3.2159401176982696
1127.0,Walker, Alabama, US,8.648442418460744,3.4145333224100627
4001.0,Apache, Arizona, US,5.740057074233751,4.346918037583914
4003.0,Cochise, Arizona, US,6.340254581191442,4.008339461489967
4005.0,Coconino, Arizona, US,2.958365494875094,3.611287573438693
4007.0,Gila, Arizona, US,5.845906253264728,3.665679526163427
4009.0,Graham, Arizona, US,7.805397734133941,4.14377568704731
4013.0,Maricopa, Arizona, US,3.444169469522693,4.410765470798601
4015.0,Mohave, Arizona, US,6.070436183121596,3.2000898390554684
4017.0,Navajo, Arizona, US,5.820545985724768,3.7274928817116506
4019.0,Pima, Arizona, US,1.8173436424425955,4.317270281732669
4021.0,Pinal, Arizona, US,3.2805711854378443,3.861529408110914
4023.0,Santa Cruz, Arizona, US,9.822675601277982,4.139367742835038
4025.0,Yavapai, Arizona, US,5.9514096470432944,2.9120616029279494
4027.0,Yuma, Arizona, US,8.93714841611926,4.411725074967648
5005.0,Baxter, Arkansas, US,9.124146314347774,3.2882138909354452
5007.0,Benton, Arkansas, US,9.90248699284426,4.256262752984193
5009.0,Boone, Arkansas, US,9.809243936647965,3.1076891034680276
5015.0,Carroll, Arkansas, US,11.702654069855264,10.636809518603942
5031.0,Craighead, Arkansas, US,8.113177774285907,3.3375876588315982
5033.0,Crawford, Arkansas, US,8.497279786467093,4.234914183648408
5035.0,Crittenden, Arkansas, US,5.383351794153634,3.002893275267722
5045.0,Faulkner, Arkansas, US,5.651885168125637,3.716720846300688
5051.0,Garland, Arkansas, US,7.138581457109438,3.4408421602745003
5055.0,Greene, Arkansas, US,10.30724661944724,3.357326124979174
5059.0,Hot Spring, Arkansas, US,6.346433080098618,7.592109815400161
5063.0,Independence, Arkansas, US,6.771111532334562,3.198379938400925
5069.0,Jefferson, Arkansas, US,9.21101850865425,5.992281933338456
5071.0,Johnson, Arkansas, US,8.884115227834528,8.563478054793713
5085.0,Lonoke, Arkansas, US,8.347889782775578,4.341516562556108
5091.0,Miller, Arkansas, US,5.899506211531908,2.4346830993957793
5093.0,Mississippi, Arkansas, US,6.648194109835509,3.156690817537539
5115.0,Pope, Arkansas, US,8.694113225627165,4.152679822636788
5119.0,Pulaski, Arkansas, US,3.845234886750014,4.116769195049555
5125.0,Saline, Arkansas, US,5.950375019504535,3.747665902824309
5131.0,Sebastian, Arkansas, US,7.097822088759435,3.6259397154337285
5139.0,Union, Arkansas, US,5.591795493138088,5.618413112186211
5143.0,Washington, Arkansas, US,9.708627896442929,4.193099761650827
5145.0,White, Arkansas, US,7.866042681489076,3.8980250910479577
6001.0,Alameda, California, US,3.7830928716224648,5.40392514889763
6005.0,Amador, California, US,9.748154536825744,8.185628261732889
6007.0,Butte, California, US,8.998518504404254,3.651699445373409
6009.0,Calaveras, California, US,7.724072020225051,9.436878822799562
6013.0,Contra Costa, California, US,3.7674669129212015,4.830522157583759
6017.0,El Dorado, California, US,4.635876615409265,4.30952630923851
6019.0,Fresno, California, US,5.045684591232899,3.830681620775484
6021.0,Glenn, California, US,10.675933791006408,7.5080552748902125
6023.0,Humboldt, California, US,7.646716968345655,4.105318607851669
6025.0,Imperial, California, US,7.269555045236201,5.1988667528458485
6029.0,Kern, California, US,5.31313255721158,3.5142999201797402
6031.0,Kings, California, US,7.715015377866057,3.6635659155548512
6033.0,Lake, California, US,7.780549424707985,4.77558692028215
6037.0,Los Angeles, California, US,4.38792843557325,4.527521315601811
6039.0,Madera, California, US,6.3425864053639325,3.0615757173662326
6041.0,Marin, California, US,6.6146335417845386,4.9570663998016125
6045.0,Mendocino, California, US,9.690753678208115,4.370176351343636
6047.0,Merced, California, US,6.0981561844439085,3.4415527177087912
6053.0,Monterey, California, US,4.819318168059697,3.5243522530867217
6055.0,Napa, California, US,3.68461476229557,4.998167310759548
6057.0,Nevada, California, US,8.5689139751978,4.527441867994867
6059.0,Orange, California, US,5.83584352114641,4.675951155214261
6061.0,Placer, California, US,6.867818961351272,4.32938131595825
6065.0,Riverside, California, US,3.5779442682574194,3.8818021617081757
6067.0,Sacramento, California, US,5.861216485414869,4.663042731487359
6069.0,San Benito, California, US,4.768277083790227,4.196196841761023
6071.0,San Bernardino, California, US,5.626424908072515,3.9416564848357862
6073.0,San Diego, California, US,3.180919073757649,4.746366431393952
6075.0,San Francisco, California, US,3.380540984309243,5.568009410347946
6077.0,San Joaquin, California, US,3.4085517155297547,3.9315197232420296
6079.0,San Luis Obispo, California, US,4.4201530982960495,4.381051365988076
6081.0,San Mateo, California, US,3.4411606628545326,5.373027651078155
6083.0,Santa Barbara, California, US,8.176068737937644,4.068946385276624
6085.0,Santa Clara, California, US,6.01338761101665,5.482279233491412
6087.0,Santa Cruz, California, US,5.648139799243924,4.6455696293248
6089.0,Shasta, California, US,7.30158154846514,3.1790530977384837
6093.0,Siskiyou, California, US,8.069872688472612,2.4321520891858674
6095.0,Solano, California, US,4.3849157559299945,4.536847824148655
6097.0,Sonoma, California, US,6.659359310245668,4.447567238969144
6099.0,Stanislaus, California, US,3.2250276952345205,3.7621971470624938
6101.0,Sutter, California, US,9.920062810011494,3.7866807263675657
6103.0,Tehama, California, US,10.90335379443285,4.892179661293766
6107.0,Tulare, California, US,4.583351098181129,3.60824158527288
6109.0,Tuolumne, California, US,10.687865538414584,4.100862850126552
6111.0,Ventura, California, US,3.2606684123621865,4.536690097271203
6113.0,Yolo, California, US,6.617354789360478,4.9109768456180785
6115.0,Yuba, California, US,6.905585557996885,4.220139465563545
8001.0,Adams, Colorado, US,2.369368406392643,3.3027075756578874
8005.0,Arapahoe, Colorado, US,2.024903158104999,3.8473653586383465
8013.0,Boulder, Colorado, US,2.7546219755302155,4.127254895714165
8014.0,Broomfield, Colorado, US,3.839068960806385,4.561996200062235
8029.0,Delta, Colorado, US,7.827081716211346,7.473133340359546
8031.0,Denver, Colorado, US,2.057440499086125,3.7933177498772355
8035.0,Douglas, Colorado, US,2.951837379431603,4.162660826251771
8037.0,Eagle, Colorado, US,6.782159950057069,7.310891126855567
8041.0,El Paso, Colorado, US,4.084466745073191,3.5180674240870586
8039.0,Elbert, Colorado, US,10.324048868876078,10.25361376577286
8043.0,Fremont, Colorado, US,6.935006862096626,2.71926095379744
8045.0,Garfield, Colorado, US,4.42075426613815,2.601819719306315
8059.0,Jefferson, Colorado, US,2.541848138813868,3.8312932474965127
8067.0,La Plata, Colorado, US,5.866459546114516,3.440350269785654
8069.0,Larimer, Colorado, US,2.5999965856099956,3.2591755822888087
8077.0,Mesa, Colorado, US,5.93202591544828,2.2928475603415706
8083.0,Montezuma, Colorado, US,9.063108741984868,8.801618185926188
8085.0,Montrose, Colorado, US,4.621084938631053,2.458449535483394
8087.0,Morgan, Colorado, US,6.421980190566441,7.340978744488707
8101.0,Pueblo, Colorado, US,5.64737302590659,3.0358642582994997
8107.0,Routt, Colorado, US,11.964761676006335,11.344437721481771
8117.0,Summit, Colorado, US,7.200063915745428,8.090721739243408
8119.0,Teller, Colorado, US,10.975577858893848,10.244264136607702
8123.0,Weld, Colorado, US,2.6562389348407893,3.0752533685918912
9001.0,Fairfield, Connecticut, US,4.228036664286848,4.292484421461954
9003.0,Hartford, Connecticut, US,2.878051662353644,4.629379651124673
9005.0,Litchfield, Connecticut, US,3.1937150621510177,3.9154145041247377
9007.0,Middlesex, Connecticut, US,3.7888581289869556,4.724924802392601
9009.0,New Haven, Connecticut, US,3.339301406062851,4.278434302181236
9011.0,New London, Connecticut, US,3.800314908168855,4.490906335308987
9013.0,Tolland, Connecticut, US,5.680591387378836,4.91780029632144
9015.0,Windham, Connecticut, US,3.750837471895652,4.080274558466988
10001.0,Kent, Delaware, US,2.994516579878868,4.676462470061475
10003.0,New Castle, Delaware, US,4.301462433925836,5.072779548625762
10005.0,Sussex, Delaware, US,3.9029944878976948,4.474136591118203
12001.0,Alachua, Florida, US,4.01881945805661,4.221231629656356
12003.0,Baker, Florida, US,11.750458961489095,11.347811748495362
12005.0,Bay, Florida, US,4.035539738820307,2.208158928064089
12007.0,Bradford, Florida, US,7.012641096728368,9.200266900793642
12009.0,Brevard, Florida, US,3.5785727824700055,3.848758862145728
12011.0,Broward, Florida, US,3.137568997748703,4.912534092802713
12015.0,Charlotte, Florida, US,3.5985894744552858,3.2283124376451515
12017.0,Citrus, Florida, US,4.825769960246971,2.939626284091046
12019.0,Clay, Florida, US,5.255586334973674,3.6038002446480295
12021.0,Collier, Florida, US,7.059860691918214,3.609069311723357
12023.0,Columbia, Florida, US,6.006960710962441,3.1571613392552744
12031.0,Duval, Florida, US,3.867100641401683,3.769218398927648
12033.0,Escambia, Florida, US,3.27977941779341,3.415796616913676
12035.0,Flagler, Florida, US,5.574377275160466,3.364863895423686
12039.0,Gadsden, Florida, US,6.7594443594304225,3.6586513539102956
12051.0,Hendry, Florida, US,6.7050072847480955,3.9667782216626506
12053.0,Hernando, Florida, US,5.2215522309842015,3.4530104939034048
12055.0,Highlands, Florida, US,3.4726068342009344,3.114991863318608
12057.0,Hillsborough, Florida, US,4.02708384175494,4.175115402041054
12061.0,Indian River, Florida, US,5.390717668284839,3.237019290589673
12063.0,Jackson, Florida, US,8.615447017601813,3.327062795613881
12069.0,Lake, Florida, US,4.687402861245,3.6259190674471067
12071.0,Lee, Florida, US,3.8165069432926924,3.4698776415048957
12073.0,Leon, Florida, US,5.6908481445985135,4.7556271589263215
12075.0,Levy, Florida, US,6.17498817582076,2.2075073947225294
12081.0,Manatee, Florida, US,3.2173850625333333,3.417339173728048
12083.0,Marion, Florida, US,2.600918557678946,3.0126213974114253
12085.0,Martin, Florida, US,8.133037322179074,3.8501840220353585
12086.0,Miami-Dade, Florida, US,2.921578410403808,4.441141988774176
12087.0,Monroe, Florida, US,5.298180532923166,3.94049374616802
12089.0,Nassau, Florida, US,4.134907865610596,3.2897917098281337
12091.0,Okaloosa, Florida, US,3.0617150654374403,2.923517922589008
12093.0,Okeechobee, Florida, US,8.45661359982511,2.7381533174981896
12095.0,Orange, Florida, US,4.8941752686470075,4.185406134557719
12097.0,Osceola, Florida, US,4.336677621702697,4.067660434615427
12099.0,Palm Beach, Florida, US,3.225928403384612,4.499983591060078
12101.0,Pasco, Florida, US,4.004353939726761,3.6417524722066084
12103.0,Pinellas, Florida, US,4.678627229780485,3.8778407104672374
12105.0,Polk, Florida, US,3.7674966504618896,3.956272785537655
12107.0,Putnam, Florida, US,5.222342330352354,3.829161473314874
12113.0,Santa Rosa, Florida, US,4.939310154501248,3.186699573696571
12115.0,Sarasota, Florida, US,4.0925263205412765,3.4720559635058
12117.0,Seminole, Florida, US,5.133321933027651,4.250980431199526
12109.0,St. Johns, Florida, US,6.386883291036073,3.5330671843804917
12111.0,St. Lucie, Florida, US,4.426809256211606,3.9337898506220754
12119.0,Sumter, Florida, US,5.496711716487084,2.965597065002042
12121.0,Suwannee, Florida, US,4.395450116427909,2.2902118183489497
12127.0,Volusia, Florida, US,4.099139217800458,3.3480770464611473
12129.0,Wakulla, Florida, US,6.43468636238064,7.831040593569289
12131.0,Walton, Florida, US,7.141806274023467,2.3565640602202076
13009.0,Baldwin, Georgia, US,4.194301515900091,4.581249152163153
13013.0,Barrow, Georgia, US,4.643805436329869,3.947335414211133
13015.0,Bartow, Georgia, US,3.513583872563806,2.9249697211827286
13021.0,Bibb, Georgia, US,5.302290409769705,3.647914002844001
13029.0,Bryan, Georgia, US,5.699302536602257,2.7060558161298798
13031.0,Bulloch, Georgia, US,5.1518842060554535,4.205245424794064
13035.0,Butts, Georgia, US,9.689043768926467,10.009545625464426
13039.0,Camden, Georgia, US,5.80003185895655,3.8315473171912364
13045.0,Carroll, Georgia, US,4.430681379001744,3.0256202047703766
13047.0,Catoosa, Georgia, US,8.145917330418861,4.277250833523637
13051.0,Chatham, Georgia, US,5.265836853584964,3.7586204595884842
13057.0,Cherokee, Georgia, US,3.5176117556187636,3.86666066213261
13059.0,Clarke, Georgia, US,4.161468038383348,4.321164475369049
13063.0,Clayton, Georgia, US,3.045128472330367,3.8834197455881063
13067.0,Cobb, Georgia, US,2.5896864095398984,4.191413882703244
13069.0,Coffee, Georgia, US,4.835749758199396,2.739792342821367
13071.0,Colquitt, Georgia, US,6.659652875361891,2.512425581823093
13073.0,Columbia, Georgia, US,3.432931005873353,4.008366809575474
13077.0,Coweta, Georgia, US,5.846267074368445,3.5580291960456876
13085.0,Dawson, Georgia, US,8.386614548661022,8.381262735998208
13087.0,Decatur, Georgia, US,10.173679705553315,10.357242200875271
13089.0,DeKalb, Georgia, US,3.093143261125046,4.417273835543589
13095.0,Dougherty, Georgia, US,5.581351291002597,3.504641989122419
13097.0,Douglas, Georgia, US,3.1803889794434,4.183025352680319
13103.0,Effingham, Georgia, US,7.767081117427449,3.7941477900445046
13113.0,Fayette, Georgia, US,4.383054280855073,4.848622634465115
13115.0,Floyd, Georgia, US,6.654917546669308,2.6519282632988426
13117.0,Forsyth, Georgia, US,3.7740550831078568,4.493671350603904
13121.0,Fulton, Georgia, US,2.880243248233708,4.6023432323546585
13123.0,Gilmer, Georgia, US,7.5943435248988544,5.591832377744565
13127.0,Glynn, Georgia, US,5.354966856374237,3.411953975413441
13129.0,Gordon, Georgia, US,5.139305942903387,2.4685556829021844
13131.0,Grady, Georgia, US,12.057847233240036,12.000176651880192
13135.0,Gwinnett, Georgia, US,3.418872788245511,4.134278098327018
13137.0,Habersham, Georgia, US,5.730901536064555,2.8039288098864197
13139.0,Hall, Georgia, US,4.802731504775667,3.3528050484687206
13143.0,Haralson, Georgia, US,7.016039101608844,8.629584739506928
13145.0,Harris, Georgia, US,5.958455101093237,6.920341555521912
13151.0,Henry, Georgia, US,4.544024022628158,3.9833098508814673
13153.0,Houston, Georgia, US,2.889538507683876,3.270165843774746
13157.0,Jackson, Georgia, US,4.858654033397767,4.177798422942529
13169.0,Jones, Georgia, US,7.72212190135357,8.539740850212704
13175.0,Laurens, Georgia, US,3.2369936189730293,3.0721468414766884
13177.0,Lee, Georgia, US,9.436322482567165,10.532088007030845
13179.0,Liberty, Georgia, US,7.032725837958657,3.7589189777456995
13185.0,Lowndes, Georgia, US,4.248581285548745,3.057900082532454
13187.0,Lumpkin, Georgia, US,11.226234681792139,11.401223090539641
13195.0,Madison, Georgia, US,9.769178128645093,8.47257967395002
13207.0,Monroe, Georgia, US,11.932120875238855,10.293291276498442
13213.0,Murray, Georgia, US,7.1261012668974875,3.1190222933149347
13215.0,Muscogee, Georgia, US,5.2862494839167065,3.613840393843494
13217.0,Newton, Georgia, US,4.243719847784705,3.787497817137446
13219.0,Oconee, Georgia, US,12.062475578594448,10.198998794646824
13223.0,Paulding, Georgia, US,4.38504979286421,3.543959820585938
13225.0,Peach, Georgia, US,7.619441423648749,8.374668527506127
13227.0,Pickens, Georgia, US,9.671298439884406,8.372426348366108
13233.0,Polk, Georgia, US,6.318235732096394,2.348818908301072
13245.0,Richmond, Georgia, US,4.766073883608403,4.141742750425311
13247.0,Rockdale, Georgia, US,4.660080438479773,3.9324162555736466
13255.0,Spalding, Georgia, US,5.324465391410708,3.870118416501361
13257.0,Stephens, Georgia, US,12.986810353221454,12.71677836874949
13261.0,Sumter, Georgia, US,9.84530165336603,10.22568162450571
13275.0,Thomas, Georgia, US,2.959027092275345,2.85207896205986
13277.0,Tift, Georgia, US,5.715457099346353,2.9818452523120613
13279.0,Toombs, Georgia, US,11.309266438641217,11.444725448952912
13285.0,Troup, Georgia, US,5.061068182823744,3.499145055565276
13293.0,Upson, Georgia, US,11.335030260321068,11.633296212550732
13295.0,Walker, Georgia, US,8.310868681378375,4.443006535165485
13297.0,Walton, Georgia, US,4.942969746183276,4.064667276483628
13299.0,Ware, Georgia, US,3.4464308666074728,8.195184954982354
13305.0,Wayne, Georgia, US,9.632178283630529,9.36298606933031
13311.0,White, Georgia, US,4.160201604621098,7.013719719587485
13313.0,Whitfield, Georgia, US,7.737805360303308,3.0120603687361527
15001.0,Hawaii, Hawaii, US,7.547902775182733,4.809348626839224
15003.0,Honolulu, Hawaii, US,8.258142753682076,4.715733536280792
15007.0,Kauai, Hawaii, US,8.128099105386934,3.701603640836313
15009.0,Maui, Hawaii, US,7.911210911778604,4.7526572069951545
16001.0,Ada, Idaho, US,6.305258715447826,3.7331025592624
16005.0,Bannock, Idaho, US,7.455781973632397,3.0962145703300084
16011.0,Bingham, Idaho, US,9.682310506345319,2.9577957702487856
16017.0,Bonner, Idaho, US,6.832168752143902,1.9729033542035075
16019.0,Bonneville, Idaho, US,6.505098525286522,2.532063103079577
16027.0,Canyon, Idaho, US,4.526295898918008,3.2262879023733393
16031.0,Cassia, Idaho, US,10.223000662022784,9.6170486328055
16039.0,Elmore, Idaho, US,10.01901067094242,9.119381062761509
16051.0,Jefferson, Idaho, US,7.633622461130715,9.006206788323603
16053.0,Jerome, Idaho, US,9.342093780120738,5.752111562429735
16055.0,Kootenai, Idaho, US,5.799212967016678,2.161648486325346
16057.0,Latah, Idaho, US,5.528473132405501,6.463670888088191
16065.0,Madison, Idaho, US,6.557565126809338,3.962488232976672
16067.0,Minidoka, Idaho, US,10.892478521641971,8.422074997610975
16069.0,Nez Perce, Idaho, US,6.694432908438538,2.9842746571599483
16075.0,Payette, Idaho, US,6.899758834475506,5.435729519912434
16083.0,Twin Falls, Idaho, US,4.651090959106347,2.965756586130232
17001.0,Adams, Illinois, US,8.812834544484282,4.749446042734022
17007.0,Boone, Illinois, US,7.411148990480652,3.770900678441595
17011.0,Bureau, Illinois, US,10.704179569128721,10.527595391780952
17019.0,Champaign, Illinois, US,7.662830422110343,5.215886553569491
17021.0,Christian, Illinois, US,6.374212246943602,8.72228512750615
17027.0,Clinton, Illinois, US,5.183557359680643,10.083608772949605
17029.0,Coles, Illinois, US,8.997937515255215,3.483936958992044
17031.0,Cook, Illinois, US,3.6408869936868085,5.008420522820707
17037.0,DeKalb, Illinois, US,7.030140716856262,4.381259139003071
17043.0,DuPage, Illinois, US,5.190709349605846,5.142440853271551
17049.0,Effingham, Illinois, US,9.300863515363854,9.978557268616028
17055.0,Franklin, Illinois, US,7.026925666858739,3.408994277628691
17057.0,Fulton, Illinois, US,8.369644980363514,3.2745298649546046
17063.0,Grundy, Illinois, US,5.087483388609939,3.6983828588456538
17073.0,Henry, Illinois, US,4.783097941712562,3.676578618239658
17075.0,Iroquois, Illinois, US,8.938392166146683,9.008801515226311
17077.0,Jackson, Illinois, US,6.91807092739634,4.08638332296837
17081.0,Jefferson, Illinois, US,8.901201257450989,4.276846379655325
17089.0,Kane, Illinois, US,7.038443982714993,4.812198183275927
17091.0,Kankakee, Illinois, US,5.744107957160964,4.185091862695306
17093.0,Kendall, Illinois, US,6.196052273522634,4.975889042189042
17095.0,Knox, Illinois, US,5.311834593642291,3.9291395107371057
17097.0,Lake, Illinois, US,4.65906069272561,4.943206297676802
17103.0,Lee, Illinois, US,7.061754720368553,7.405295163109359
17105.0,Livingston, Illinois, US,5.701155240085512,4.046141298955214
17107.0,Logan, Illinois, US,6.0171223445647195,8.683729702627963
17115.0,Macon, Illinois, US,5.588358935493166,4.499063490054075
17117.0,Macoupin, Illinois, US,5.510355293227652,3.591550531057384
17119.0,Madison, Illinois, US,4.200349260413529,4.452790101778007
17121.0,Marion, Illinois, US,4.530063318974973,3.5338551367804394
17109.0,McDonough, Illinois, US,13.364491140363395,13.053288838106337
17111.0,McHenry, Illinois, US,4.913622792448016,4.703796652140024
17113.0,McLean, Illinois, US,7.406535026373672,4.824527767244918
17133.0,Monroe, Illinois, US,4.349627658710478,7.026916531731415
17135.0,Montgomery, Illinois, US,11.76242296965467,12.26298815431674
17137.0,Morgan, Illinois, US,9.765892922322315,10.20853172629838
17141.0,Ogle, Illinois, US,4.839859615234164,3.5915485888141245
17143.0,Peoria, Illinois, US,4.585897655136526,4.427650880562408
17157.0,Randolph, Illinois, US,4.12423217110601,7.075018054634874
17161.0,Rock Island, Illinois, US,3.738152308791538,4.510389454832822
17167.0,Sangamon, Illinois, US,6.0361775721431,4.440959980434152
17163.0,St. Clair, Illinois, US,4.2539194867816414,4.80757402628153
17177.0,Stephenson, Illinois, US,6.891587131688302,3.8040837211949228
17179.0,Tazewell, Illinois, US,6.410723143461232,4.26327207272613
17183.0,Vermilion, Illinois, US,6.179212619409873,4.471030968007003
17195.0,Whiteside, Illinois, US,4.958902543624115,4.539897482591463
17197.0,Will, Illinois, US,4.211497798716007,4.6212459025116965
17199.0,Williamson, Illinois, US,5.4593376138460785,5.080411724147678
17201.0,Winnebago, Illinois, US,7.270579781364095,4.668812435576472
17203.0,Woodford, Illinois, US,6.084384096390338,6.279369130034364
18001.0,Adams, Indiana, US,4.632605728322692,10.594101689913074
18003.0,Allen, Indiana, US,5.637710089324219,3.396549668897157
18005.0,Bartholomew, Indiana, US,4.13512782753981,4.775387442731063
18011.0,Boone, Indiana, US,4.201658065318302,3.7341582837146237
18017.0,Cass, Indiana, US,7.713618225521883,2.6348129268375056
18019.0,Clark, Indiana, US,4.281614230294966,3.8251385816287162
18021.0,Clay, Indiana, US,9.050853084657847,9.946042640571468
18023.0,Clinton, Indiana, US,7.748023026960888,4.290725408354563
18027.0,Daviess, Indiana, US,4.504311497014408,10.405992543881714
18029.0,Dearborn, Indiana, US,8.325491038031076,3.0865370161132066
18031.0,Decatur, Indiana, US,4.633541412889076,6.244668193936029
18033.0,DeKalb, Indiana, US,11.261334744110696,3.0191568660840797
18035.0,Delaware, Indiana, US,6.558649006645298,3.1344252541057966
18037.0,Dubois, Indiana, US,7.76517128789735,2.5924071403267535
18039.0,Elkhart, Indiana, US,9.500807309488303,2.0849331492159475
18041.0,Fayette, Indiana, US,10.069001974392075,6.429073119450695
18043.0,Floyd, Indiana, US,5.577915406792672,4.989507950440866
18051.0,Gibson, Indiana, US,3.888917007627601,10.46724469077266
18053.0,Grant, Indiana, US,6.08805826315352,3.463052224632878
18055.0,Greene, Indiana, US,6.656166518729327,8.110836224825771
18057.0,Hamilton, Indiana, US,3.793063561786064,4.350886434320093
18059.0,Hancock, Indiana, US,4.618066781564166,4.46787591769324
18061.0,Harrison, Indiana, US,4.65874168762892,3.20813760937507
18063.0,Hendricks, Indiana, US,3.7587592740079243,3.869877163022517
18065.0,Henry, Indiana, US,6.363654887013466,3.0254112679389986
18067.0,Howard, Indiana, US,6.211969958125473,3.2665641527041944
18069.0,Huntington, Indiana, US,6.855063265738307,2.7427116630001778
18071.0,Jackson, Indiana, US,5.357193396431509,2.7574202078299432
18073.0,Jasper, Indiana, US,8.277392556764253,4.251471224416072
18077.0,Jefferson, Indiana, US,4.314512422449971,9.77983559223643
18079.0,Jennings, Indiana, US,4.571459763099695,9.950323133451095
18081.0,Johnson, Indiana, US,3.7047547284592657,3.924839324414155
18083.0,Knox, Indiana, US,4.694095229988432,7.385083790928082
18085.0,Kosciusko, Indiana, US,8.174261374576105,3.319075100005211
18087.0,LaGrange, Indiana, US,3.961358357921373,8.355292568393105
18089.0,Lake, Indiana, US,2.881602949313918,3.9702646586769523
18091.0,LaPorte, Indiana, US,5.704514053011123,2.933358587096954
18093.0,Lawrence, Indiana, US,5.254867273290706,2.9071830655453357
18095.0,Madison, Indiana, US,4.567416256305453,3.2239591299072683
18097.0,Marion, Indiana, US,2.0724225903658584,4.002494983733322
18099.0,Marshall, Indiana, US,9.174014825173455,2.6034023768936607
18103.0,Miami, Indiana, US,7.470891687143559,8.536322115374434
18105.0,Monroe, Indiana, US,5.732758893831268,4.767988701467052
18107.0,Montgomery, Indiana, US,6.245488656201526,4.003154471157712
18109.0,Morgan, Indiana, US,4.70547686821198,4.249855789280745
18113.0,Noble, Indiana, US,5.9048534700669295,2.278815423305094
18127.0,Porter, Indiana, US,4.715173579910025,3.819881379659723
18129.0,Posey, Indiana, US,10.225260340923821,9.85017636134268
18133.0,Putnam, Indiana, US,6.9879290440981565,8.417305017961692
18135.0,Randolph, Indiana, US,11.05426493648778,8.45125451311815
18137.0,Ripley, Indiana, US,4.577186449650552,8.246331400424452
18143.0,Scott, Indiana, US,13.577720007153943,11.480883443673937
18145.0,Shelby, Indiana, US,3.8955277392830348,2.892746953481159
18141.0,St. Joseph, Indiana, US,5.065412851082144,3.4178939923342706
18151.0,Steuben, Indiana, US,7.900994038603227,3.798359078840694
18157.0,Tippecanoe, Indiana, US,6.511661555397175,3.8196962725350985
18163.0,Vanderburgh, Indiana, US,2.928548586082206,3.389991067558827
18167.0,Vigo, Indiana, US,7.580430964232269,3.342810410267667
18169.0,Wabash, Indiana, US,5.5236529015018085,8.357038076501649
18173.0,Warrick, Indiana, US,2.7410904455351948,2.9388347345106958
18175.0,Washington, Indiana, US,9.134627656415248,9.431551601975418
18177.0,Wayne, Indiana, US,4.920355811426529,3.4769498925509406
18179.0,Wells, Indiana, US,4.669163732199381,9.879214935998942
18181.0,White, Indiana, US,8.875967679497396,8.518584185185913
18183.0,Whitley, Indiana, US,7.545079438200104,3.105129101207218
19011.0,Benton, Iowa, US,6.200931935034346,5.774913919496752
19013.0,Black Hawk, Iowa, US,6.829472741758736,4.0791765077705415
19015.0,Boone, Iowa, US,6.249225854965125,8.404011355618842
19017.0,Bremer, Iowa, US,10.114507300616605,9.33830919271774
19033.0,Cerro Gordo, Iowa, US,7.622867389678141,2.5303392932799094
19045.0,Clinton, Iowa, US,5.132960959417572,2.586792584684302
19049.0,Dallas, Iowa, US,7.780817828674887,5.272755333830791
19057.0,Des Moines, Iowa, US,8.297180106158835,2.8102606682135503
19061.0,Dubuque, Iowa, US,4.846330067449811,4.440675592686407
19099.0,Jasper, Iowa, US,6.886905489328791,3.329791820554654
19103.0,Johnson, Iowa, US,5.822158197946904,4.552311904905195
19111.0,Lee, Iowa, US,6.956164122430716,2.9085031852283074
19113.0,Linn, Iowa, US,4.736851919724687,4.200467640764043
19125.0,Marion, Iowa, US,8.857560973792733,3.9765732945495604
19127.0,Marshall, Iowa, US,5.324117499866259,3.3163216090866783
19139.0,Muscatine, Iowa, US,3.9540932461014493,3.104946657302694
19149.0,Plymouth, Iowa, US,10.94980232241807,7.491655449093832
19153.0,Polk, Iowa, US,6.3900370019590955,4.514132144665557
19155.0,Pottawattamie, Iowa, US,7.9749659980800285,4.0455799919532245
19163.0,Scott, Iowa, US,3.787405956632439,4.244713078095411
19167.0,Sioux, Iowa, US,9.023877221547519,3.1233095687991126
19169.0,Story, Iowa, US,6.195330017337579,5.178570267739747
19179.0,Wapello, Iowa, US,8.113164598531096,4.08552761369891
19181.0,Warren, Iowa, US,8.595488672850534,3.5365537003889123
19183.0,Washington, Iowa, US,10.175818684374402,10.551208130676818
19187.0,Webster, Iowa, US,10.175255359231114,2.732845216613595
19193.0,Woodbury, Iowa, US,5.859072999870859,4.818470378450907
20009.0,Barton, Kansas, US,12.253147768371017,11.475626632590702
20015.0,Butler, Kansas, US,8.790520196137438,3.754749814082528
20021.0,Cherokee, Kansas, US,12.166469816520108,11.347811748495367
20035.0,Cowley, Kansas, US,8.877009031385255,2.8129078584836447
20037.0,Crawford, Kansas, US,8.473800562894038,3.0761653846716546
20045.0,Douglas, Kansas, US,6.5037397274013085,4.25538732310759
20051.0,Ellis, Kansas, US,12.115283613774242,10.116731357514425
20055.0,Finney, Kansas, US,5.423970817927688,3.6061213993711716
20057.0,Ford, Kansas, US,5.8585350398433365,6.691388811608422
20059.0,Franklin, Kansas, US,5.078134245642977,6.058644397752902
20061.0,Geary, Kansas, US,7.732462681702283,3.241163451711636
20079.0,Harvey, Kansas, US,6.879037160867668,2.686048326759744
20091.0,Johnson, Kansas, US,3.0733331078432777,4.3286662467698855
20103.0,Leavenworth, Kansas, US,7.833792231447123,4.357753864609387
20111.0,Lyon, Kansas, US,6.185437201076609,3.672907242161082
20113.0,McPherson, Kansas, US,5.010090361062932,3.998112561553903
20121.0,Miami, Kansas, US,8.15355558043856,3.237843289589
20125.0,Montgomery, Kansas, US,7.318568663533711,3.002600255809003
20149.0,Pottawatomie, Kansas, US,6.5490987902747575,6.353392214804478
20155.0,Reno, Kansas, US,7.437410679195606,3.2474512555341795
20161.0,Riley, Kansas, US,5.243157833773856,3.290475835529176
20169.0,Saline, Kansas, US,5.811638846581785,3.3808907961802754
20173.0,Sedgwick, Kansas, US,3.5748680741869054,3.324503463778805
20175.0,Seward, Kansas, US,10.044924592223897,9.015130474804003
20177.0,Shawnee, Kansas, US,7.309304714013448,3.5782071198013883
20191.0,Sumner, Kansas, US,10.85153207112145,8.774420746598231
20209.0,Wyandotte, Kansas, US,4.409431146509359,3.385866525353398
21005.0,Anderson, Kentucky, US,10.780159460215767,9.792591148308286
21009.0,Barren, Kentucky, US,8.53815999717367,6.7747764303459705
21015.0,Boone, Kentucky, US,6.100599050096887,4.456687375122639
21019.0,Boyd, Kentucky, US,6.85054636901882,5.138474040670779
21029.0,Bullitt, Kentucky, US,5.537488024630869,4.40998223704311
21035.0,Calloway, Kentucky, US,5.630281986465441,7.472862203669702
21037.0,Campbell, Kentucky, US,4.837264279068968,4.901513353716933
21047.0,Christian, Kentucky, US,6.957222936905312,4.056883983224168
21049.0,Clark, Kentucky, US,4.881753664245512,9.549137696419878
21059.0,Daviess, Kentucky, US,4.429473526196548,3.7309358348362394
21067.0,Fayette, Kentucky, US,6.499517621299101,4.42997875071257
21073.0,Franklin, Kentucky, US,8.700207469872288,3.470552235821067
21081.0,Grant, Kentucky, US,12.112726242433896,11.840523133888624
21083.0,Graves, Kentucky, US,8.00457144852956,8.088166950214951
21089.0,Greenup, Kentucky, US,11.287956580521346,10.156384511932318
21093.0,Hardin, Kentucky, US,5.80532679581551,4.142050073226016
21101.0,Henderson, Kentucky, US,5.344260160288921,3.1690909042809565
21107.0,Hopkins, Kentucky, US,5.757904478949623,3.2025556087691447
21111.0,Jefferson, Kentucky, US,3.9525484723100206,4.456958337180122
21113.0,Jessamine, Kentucky, US,7.454660891062022,3.3615554704824833
21117.0,Kenton, Kentucky, US,3.628218751111338,4.570810034676651
21125.0,Laurel, Kentucky, US,7.012558368613655,3.051323865023611
21151.0,Madison, Kentucky, US,7.729057174392558,4.633930761709072
21157.0,Marshall, Kentucky, US,3.8139527998705454,6.221769572996293
21145.0,McCracken, Kentucky, US,5.842459099835394,4.775149836967312
21163.0,Meade, Kentucky, US,4.386595971530629,7.020886121092076
21173.0,Montgomery, Kentucky, US,11.158107955903114,10.695420864288181
21179.0,Nelson, Kentucky, US,5.128733278400056,3.1118971583967694
21185.0,Oldham, Kentucky, US,6.7948184699545,3.903573712597991
21199.0,Pulaski, Kentucky, US,7.029588240880988,3.891617914574394
21209.0,Scott, Kentucky, US,7.576712361615458,2.9959089785938664
21211.0,Shelby, Kentucky, US,7.7675400007396265,3.757886562542063
21227.0,Warren, Kentucky, US,4.678365943793782,3.913162992612744
21235.0,Whitley, Kentucky, US,12.50002292303147,10.672678307236367
22001.0,Acadia, Louisiana, US,8.14128141599241,2.8017992788949027
22005.0,Ascension, Louisiana, US,4.5349803183300255,3.714724286820376
22009.0,Avoyelles, Louisiana, US,10.312818966179378,9.293633711214099
22011.0,Beauregard, Louisiana, US,9.214504983229766,9.446749254096419
22015.0,Bossier, Louisiana, US,3.906719356134011,3.0757560417144503
22017.0,Caddo, Louisiana, US,5.636148834121063,3.4480809024829866
22019.0,Calcasieu, Louisiana, US,3.9645341929735394,2.619805896659117
22033.0,East Baton Rouge, Louisiana, US,5.111926978702349,3.589742145288688
22045.0,Iberia, Louisiana, US,4.808100446481305,3.3181689400455316
22053.0,Jefferson Davis, Louisiana, US,12.387319630348342,12.087785332424268
22051.0,Jefferson, Louisiana, US,6.470108955746671,3.6218301258390375
22055.0,Lafayette, Louisiana, US,5.937795447308445,2.876024431216886
22057.0,Lafourche, Louisiana, US,5.686509809160231,3.365482702918156
22061.0,Lincoln, Louisiana, US,6.017049560001123,7.014156934163077
22063.0,Livingston, Louisiana, US,5.271434924706297,2.9141971198487995
22069.0,Natchitoches, Louisiana, US,10.559017132449044,7.619264998420425
22071.0,Orleans, Louisiana, US,7.69464856615368,4.254370541501631
22073.0,Ouachita, Louisiana, US,3.688616971188827,3.185643709818539
22079.0,Rapides, Louisiana, US,8.01205580974625,3.055378949484158
22087.0,St. Bernard, Louisiana, US,6.678283743065093,3.073431201028748
22089.0,St. Charles, Louisiana, US,6.718713442988812,3.2121137047445565
22095.0,St. John the Baptist, Louisiana, US,5.963859917956477,2.885290646591139
22097.0,St. Landry, Louisiana, US,5.0021746560578135,3.238543342514151
22099.0,St. Martin, Louisiana, US,4.428619953049281,2.724218554204581
22101.0,St. Mary, Louisiana, US,3.447634568369894,2.9732762698492645
22103.0,St. Tammany, Louisiana, US,5.241759089659732,3.455046066567953
22105.0,Tangipahoa, Louisiana, US,4.933306242991148,3.0777571528471657
22109.0,Terrebonne, Louisiana, US,4.085315545419076,2.588434941369745
22113.0,Vermilion, Louisiana, US,5.582765513487852,2.6500588159582357
22115.0,Vernon, Louisiana, US,6.462643977941334,2.741015969335895
22117.0,Washington, Louisiana, US,10.643089693744571,10.812514821366936
22119.0,Webster, Louisiana, US,4.098391870689997,9.562615143266681
23001.0,Androscoggin, Maine, US,10.02674678562838,3.0454323275275144
23003.0,Aroostook, Maine, US,7.993909092101899,2.283837533977132
23005.0,Cumberland, Maine, US,6.2862725570373295,4.053729671379097
23007.0,Franklin, Maine, US,9.703969192495604,8.964185361979533
23009.0,Hancock, Maine, US,5.412587654325542,2.211343611882981
23011.0,Kennebec, Maine, US,8.086858036220121,2.9546136083100523
23013.0,Knox, Maine, US,7.9109935159741545,8.16554781761337
23015.0,Lincoln, Maine, US,11.417461808465669,9.859725995232639
23017.0,Oxford, Maine, US,7.217510313035589,2.7315887588892847
23019.0,Penobscot, Maine, US,6.131109664698932,2.7005753690900747
23023.0,Sagadahoc, Maine, US,7.5374915800738185,9.01179610526204
23025.0,Somerset, Maine, US,6.858051581734398,2.4356122589861244
23027.0,Waldo, Maine, US,9.087288388290302,9.984971131936312
23031.0,York, Maine, US,4.659292002582014,3.562998908258867
24001.0,Allegany, Maryland, US,7.161905118452385,4.260578438425035
24003.0,Anne Arundel, Maryland, US,3.021903689724118,5.201819482030221
24005.0,Baltimore, Maryland, US,2.9775949652914346,5.10591609129315
24009.0,Calvert, Maryland, US,5.16457587197587,5.180088933980448
24011.0,Caroline, Maryland, US,6.12492084429954,4.925508060095654
24013.0,Carroll, Maryland, US,4.197394847286004,4.902521234577404
24015.0,Cecil, Maryland, US,4.980160751304601,4.302646156613701
24017.0,Charles, Maryland, US,2.5907945550640767,5.485049094325176
24019.0,Dorchester, Maryland, US,6.116163916871574,7.098000721735774
24021.0,Frederick, Maryland, US,3.7224441920805895,5.07553471475206
24023.0,Garrett, Maryland, US,8.852668539044469,9.88135853328334
24025.0,Harford, Maryland, US,3.62065687205702,4.739967450485931
24027.0,Howard, Maryland, US,3.915625238050251,5.667954209379693
24031.0,Montgomery, Maryland, US,4.241864985826754,5.726093363083278
24033.0,Prince George's, Maryland, US,3.607723414309507,5.543779058804168
24035.0,Queen Anne's, Maryland, US,5.79926706275491,4.044945872149887
24037.0,St. Mary's, Maryland, US,6.526689802523706,5.658523641885139
24041.0,Talbot, Maryland, US,7.609420967019607,7.729816126313906
24043.0,Washington, Maryland, US,5.173522136861008,4.230452508443938
24045.0,Wicomico, Maryland, US,5.0393244297886355,4.5248732010985
24047.0,Worcester, Maryland, US,5.234214697998953,4.267383860700683
25001.0,Barnstable, Massachusetts, US,2.6861685572431946,3.8278569321042752
25003.0,Berkshire, Massachusetts, US,5.637067971855488,4.031416106263235
25005.0,Bristol, Massachusetts, US,4.106717029654533,4.430460224427153
25009.0,Essex, Massachusetts, US,3.1521769053276616,4.544302380209302
25011.0,Franklin, Massachusetts, US,4.0997473427297955,3.669763197896584
25013.0,Hampden, Massachusetts, US,2.7100420594315877,4.1231948094611255
25015.0,Hampshire, Massachusetts, US,4.010704577354714,4.924972130400137
25017.0,Middlesex, Massachusetts, US,4.088645809842186,5.1585245709519505
25021.0,Norfolk, Massachusetts, US,4.54705402793548,5.246160245615429
25023.0,Plymouth, Massachusetts, US,4.34393774137998,4.698979586063541
25025.0,Suffolk, Massachusetts, US,4.255591989647741,5.07033416696768
25027.0,Worcester, Massachusetts, US,2.957583487160438,4.68510725175426
26005.0,Allegan, Michigan, US,4.278734514697203,2.96338519273438
26007.0,Alpena, Michigan, US,10.075037294387977,11.399449816879669
26015.0,Barry, Michigan, US,5.286410750998795,3.106534280469403
26017.0,Bay, Michigan, US,4.293488162449273,3.0866965310621275
26021.0,Berrien, Michigan, US,3.664506321552312,3.449535783071928
26023.0,Branch, Michigan, US,3.164786358421862,2.729894430188521
26025.0,Calhoun, Michigan, US,3.7263167020191235,3.3815738874883063
26027.0,Cass, Michigan, US,8.437893847824697,2.321447419770281
26033.0,Chippewa, Michigan, US,11.729781555702788,9.974763347355424
26035.0,Clare, Michigan, US,7.33800062506268,6.797904160354275
26037.0,Clinton, Michigan, US,6.660654368189841,4.080955926815391
26041.0,Delta, Michigan, US,5.4338360542539155,5.742876426436645
26043.0,Dickinson, Michigan, US,13.349775562390604,12.792092553906112
26045.0,Eaton, Michigan, US,4.735785682784946,3.556930676660378
26047.0,Emmet, Michigan, US,12.237976659968695,12.026306954692627
26049.0,Genesee, Michigan, US,4.037731061770267,3.2024773758638965
26051.0,Gladwin, Michigan, US,10.290131257461553,11.338142717829307
26055.0,Grand Traverse, Michigan, US,6.389161924206233,3.2363919538274017
26057.0,Gratiot, Michigan, US,7.791319857657742,4.030668588742971
26059.0,Hillsdale, Michigan, US,4.2895184407918086,2.7431992951960824
26061.0,Houghton, Michigan, US,8.491791729527868,7.873200350058265
26065.0,Ingham, Michigan, US,3.1299853956513686,4.085923577612579
26067.0,Ionia, Michigan, US,5.884784824697186,3.2326143073305933
26073.0,Isabella, Michigan, US,6.888514116048507,3.5823309263232206
26075.0,Jackson, Michigan, US,3.7350815031000852,3.1616469504424662
26077.0,Kalamazoo, Michigan, US,3.977921231660575,3.7707595449443145
26081.0,Kent, Michigan, US,5.085221400245648,3.5657628403062236
26087.0,Lapeer, Michigan, US,5.888566857726762,2.960176764227288
26091.0,Lenawee, Michigan, US,2.8328775417044807,3.510463015739897
26093.0,Livingston, Michigan, US,4.7347643607029495,3.579991188839686
26099.0,Macomb, Michigan, US,4.5039071435821825,3.6984833726336177
26103.0,Marquette, Michigan, US,4.61664696988162,2.661857336820067
26105.0,Mason, Michigan, US,6.9204405566990745,6.0782386472082885
26107.0,Mecosta, Michigan, US,5.818534267573362,7.61584012701458
26111.0,Midland, Michigan, US,3.9827802121918805,3.1588923799293664
26115.0,Monroe, Michigan, US,4.0454888844370664,3.387490575264334
26117.0,Montcalm, Michigan, US,6.183910119148079,3.076109089780744
26121.0,Muskegon, Michigan, US,5.290325210533065,2.995318562743529
26123.0,Newaygo, Michigan, US,10.01485380873009,2.5170479199582925
26125.0,Oakland, Michigan, US,5.760860961692526,4.2751859726746835
26127.0,Oceana, Michigan, US,8.400033803589183,7.635891576825706
26137.0,Otsego, Michigan, US,11.033899209167359,9.269406009283346
26139.0,Ottawa, Michigan, US,6.7114582923051875,3.2927771325753783
26145.0,Saginaw, Michigan, US,2.3573341060209767,3.3575978589800024
26151.0,Sanilac, Michigan, US,9.735764385318847,10.193421819785375
26155.0,Shiawassee, Michigan, US,5.001348651240426,3.6322683538752876
26147.0,St. Clair, Michigan, US,4.595806157378771,2.942698950688565
26149.0,St. Joseph, Michigan, US,5.909501211271919,3.0675942932920464
26157.0,Tuscola, Michigan, US,4.06006189026057,2.303125264340171
26159.0,Van Buren, Michigan, US,4.644081547171123,3.874978506389157
26161.0,Washtenaw, Michigan, US,5.545776293983631,4.720357081520578
26163.0,Wayne, Michigan, US,5.052498516577384,3.8349355764534034
26165.0,Wexford, Michigan, US,7.845752514162119,9.27382017759656
27003.0,Anoka, Minnesota, US,8.322183025011546,3.976067171193725
27005.0,Becker, Minnesota, US,4.777817814418377,6.4975543363091335
27007.0,Beltrami, Minnesota, US,8.578379251196548,2.6287972866908875
27009.0,Benton, Minnesota, US,6.355994840813986,3.1196130602789522
27013.0,Blue Earth, Minnesota, US,7.74486361559242,3.9602572610134805
27015.0,Brown, Minnesota, US,4.896841269482175,7.586909753058913
27017.0,Carlton, Minnesota, US,4.146313145044142,6.663610984643741
27019.0,Carver, Minnesota, US,7.765562523552803,4.5736172826517
27021.0,Cass, Minnesota, US,9.932684696427485,9.321787443563494
27025.0,Chisago, Minnesota, US,9.142828383106131,2.971879936039597
27027.0,Clay, Minnesota, US,5.708905077599251,3.327172823884816
27035.0,Crow Wing, Minnesota, US,9.413008017893135,3.1060183097237797
27037.0,Dakota, Minnesota, US,8.558100218393067,4.448992054182796
27039.0,Dodge, Minnesota, US,10.94901179225378,7.156453188510867
27041.0,Douglas, Minnesota, US,7.983429956960941,2.1481817767013762
27047.0,Freeborn, Minnesota, US,8.584119884034301,2.7200174449758463
27049.0,Goodhue, Minnesota, US,9.128345805590978,2.855726902768572
27053.0,Hennepin, Minnesota, US,7.552998875681651,4.646055693238069
27059.0,Isanti, Minnesota, US,9.02957310146215,2.743817775515702
27061.0,Itasca, Minnesota, US,6.168586429861723,2.981791546163995
27067.0,Kandiyohi, Minnesota, US,6.331554577039234,3.0909620140855907
27079.0,Le Sueur, Minnesota, US,5.458312396512242,4.0698422723557295
27083.0,Lyon, Minnesota, US,7.293658710549912,6.179228729911174
27085.0,McLeod, Minnesota, US,8.542823742809826,2.5395831209144704
27093.0,Meeker, Minnesota, US,7.0912087302741735,6.578664188965732
27095.0,Mille Lacs, Minnesota, US,9.82028077915244,6.718181523386511
27097.0,Morrison, Minnesota, US,8.783581774732829,5.997138316179689
27099.0,Mower, Minnesota, US,11.206922857414753,2.4239052593584707
27103.0,Nicollet, Minnesota, US,8.913078041813044,4.785349879817938
27109.0,Olmsted, Minnesota, US,5.657965146668812,3.9198003074909944
27111.0,Otter Tail, Minnesota, US,6.5322035210254,2.020575894891804
27115.0,Pine, Minnesota, US,4.835001914665685,6.667802118721449
27119.0,Polk, Minnesota, US,6.331746825712803,8.000893093822349
27123.0,Ramsey, Minnesota, US,8.622534266453279,4.372649905693067
27131.0,Rice, Minnesota, US,9.271460420016895,4.417310118056374
27139.0,Scott, Minnesota, US,8.538583287398692,4.252225079035861
27141.0,Sherburne, Minnesota, US,7.639858913034708,4.122589313632632
27137.0,St. Louis, Minnesota, US,3.7790598266171895,3.108387672064405
27145.0,Stearns, Minnesota, US,6.5459042843852915,3.2590130828537958
27147.0,Steele, Minnesota, US,7.842284773839301,3.0946869281830756
27153.0,Todd, Minnesota, US,14.08865673649654,9.587252457986263
27163.0,Washington, Minnesota, US,8.41948500546486,4.216145227669243
27169.0,Winona, Minnesota, US,6.63442756653075,2.5357089566898914
27171.0,Wright, Minnesota, US,9.022515624183033,3.3655702514512225
28003.0,Alcorn, Mississippi, US,11.733812410553508,10.918944685555395
28033.0,DeSoto, Mississippi, US,4.825065026291562,3.440077593451368
28035.0,Forrest, Mississippi, US,3.9554757423088938,4.049757691467596
28045.0,Hancock, Mississippi, US,4.38237363698795,4.303625062774949
28047.0,Harrison, Mississippi, US,3.0835835600389294,2.8422160967128987
28049.0,Hinds, Mississippi, US,3.4667921179225973,3.547253067311788
28059.0,Jackson, Mississippi, US,3.9100258315212417,2.765276471209776
28067.0,Jones, Mississippi, US,7.795150726370202,2.997219096555288
28071.0,Lafayette, Mississippi, US,4.9749367785286545,5.703716848094494
28073.0,Lamar, Mississippi, US,4.018738214743121,3.3562061917779227
28075.0,Lauderdale, Mississippi, US,3.7388352793761657,3.5256626458828393
28081.0,Lee, Mississippi, US,5.332057518896924,2.6897659450625824
28087.0,Lowndes, Mississippi, US,8.528361271098374,2.543033217584277
28089.0,Madison, Mississippi, US,5.654480334191964,3.001007309182277
28093.0,Marshall, Mississippi, US,7.318456179993524,5.726975845221321
28095.0,Monroe, Mississippi, US,9.630021793936582,9.234167200977511
28105.0,Oktibbeha, Mississippi, US,10.21803877069805,7.6577758646850835
28107.0,Panola, Mississippi, US,10.129998593196204,9.570766182777845
28109.0,Pearl River, Mississippi, US,3.646359299467909,2.683967384394821
28113.0,Pike, Mississippi, US,11.439409286536291,11.28216617142557
28115.0,Pontotoc, Mississippi, US,14.841072764426315,15.087076171369297
28121.0,Rankin, Mississippi, US,4.73959970076448,3.655320502555441
28149.0,Warren, Mississippi, US,5.005073517423538,3.762032366156229
28151.0,Washington, Mississippi, US,8.704563517948785,3.312614590938552
29001.0,Adair, Missouri, US,11.607669033244257,9.149406573155524
29007.0,Audrain, Missouri, US,13.299009878989288,6.657768840060625
29009.0,Barry, Missouri, US,8.764414582887413,2.7558342961173765
29019.0,Boone, Missouri, US,7.071164503569574,3.7163194612164423
29021.0,Buchanan, Missouri, US,7.152369169425666,3.294949777479457
29023.0,Butler, Missouri, US,6.37989595028034,2.059595280433231
29027.0,Callaway, Missouri, US,7.915635039353801,2.863528369399445
29029.0,Camden, Missouri, US,6.462745752471576,2.1660866381506354
29031.0,Cape Girardeau, Missouri, US,4.813704999603139,2.700460842250707
29037.0,Cass, Missouri, US,5.364858299388593,3.156556371009449
29043.0,Christian, Missouri, US,7.951305392849066,3.3962771763682587
29047.0,Clay, Missouri, US,6.2735440579798825,3.8914482439846347
29051.0,Cole, Missouri, US,6.162082745066367,3.557735022001422
29071.0,Franklin, Missouri, US,6.500779177348323,2.7507985029205306
29077.0,Greene, Missouri, US,5.335974387863037,3.118006202503496
29083.0,Henry, Missouri, US,7.890303245912024,9.967910030014162
29091.0,Howell, Missouri, US,8.27727460835277,2.461226587736193
29095.0,Jackson, Missouri, US,4.3767269875498425,3.677614317755426
29099.0,Jefferson, Missouri, US,4.902956600190958,3.320710316865907
29101.0,Johnson, Missouri, US,5.3977496362397535,2.840476569823962
29105.0,Laclede, Missouri, US,8.492005152986845,2.6661238643349483
29107.0,Lafayette, Missouri, US,7.308512230999953,2.829080879746068
29109.0,Lawrence, Missouri, US,9.176331132219143,2.950755512960573
29113.0,Lincoln, Missouri, US,7.659587579362821,3.4685921131469906
29127.0,Marion, Missouri, US,7.6154930953191515,4.750375868243654
29119.0,McDonald, Missouri, US,8.972528274408532,7.887679883909748
29131.0,Miller, Missouri, US,10.704110768003254,8.187207885965364
29145.0,Newton, Missouri, US,7.508953468579058,3.0466447799351086
29159.0,Pettis, Missouri, US,5.441941667292064,2.6870263434275703
29161.0,Phelps, Missouri, US,10.662533282598691,2.8058544772389995
29165.0,Platte, Missouri, US,6.525217782011129,4.517458730861699
29167.0,Polk, Missouri, US,11.963581886068678,3.19304254178503
29169.0,Pulaski, Missouri, US,8.207000471809716,3.1814001414140747
29175.0,Randolph, Missouri, US,11.297865769371352,7.127856101900372
29177.0,Ray, Missouri, US,7.381860217970791,5.285460263896831
29195.0,Saline, Missouri, US,12.378532551160518,12.50998487446527
29201.0,Scott, Missouri, US,5.883746317909155,2.2329454188843747
29183.0,St. Charles, Missouri, US,5.45272658018343,4.004616913157716
29187.0,St. Francois, Missouri, US,6.978815490755975,3.180300366421616
29189.0,St. Louis, Missouri, US,2.487729548878944,4.4510789678419735
29207.0,Stoddard, Missouri, US,10.834994503433775,10.002922380499259
29209.0,Stone, Missouri, US,6.512845966397019,7.845845696391498
29213.0,Taney, Missouri, US,7.310653134903493,3.4026180705316125
29219.0,Warren, Missouri, US,6.530290658903395,3.2421764627891894
29225.0,Webster, Missouri, US,6.65355146351939,2.8337375185892926
30013.0,Cascade, Montana, US,6.394051537616648,2.331583110719561
30029.0,Flathead, Montana, US,5.813918299357725,1.931528166467154
30031.0,Gallatin, Montana, US,5.418605343116799,2.117413793134311
30047.0,Lake, Montana, US,9.15782937422939,9.831289852489085
30049.0,Lewis and Clark, Montana, US,7.78082802393988,3.2984569314076713
30063.0,Missoula, Montana, US,5.471270122792604,2.6831988772095308
30081.0,Ravalli, Montana, US,10.55648590753438,2.0874969543199224
30093.0,Silver Bow, Montana, US,7.0374859684553615,2.3773421966256394
30111.0,Yellowstone, Montana, US,3.720102671062676,2.008290361968638
31001.0,Adams, Nebraska, US,4.447439622198607,3.092835058214099
31019.0,Buffalo, Nebraska, US,4.796547148225167,3.203691461671321
31025.0,Cass, Nebraska, US,13.161843536989204,5.519235603576037
31043.0,Dakota, Nebraska, US,9.246006357544111,9.587272474970845
31047.0,Dawson, Nebraska, US,12.30050851404595,12.419901286205501
31053.0,Dodge, Nebraska, US,8.382310489015834,3.854178570334092
31055.0,Douglas, Nebraska, US,7.8074782159426315,4.571070178530198
31067.0,Gage, Nebraska, US,9.347141527098225,6.676850531461121
31079.0,Hall, Nebraska, US,6.008214576859627,4.624057653688464
31109.0,Lancaster, Nebraska, US,6.340279235102936,4.554275912818769
31111.0,Lincoln, Nebraska, US,7.090120943191941,2.6699480418040884
31119.0,Madison, Nebraska, US,6.745991625121148,3.9339772707818903
31141.0,Platte, Nebraska, US,6.669066067860348,4.0947526921718085
31153.0,Sarpy, Nebraska, US,7.384731314984221,4.700826701126482
31157.0,Scotts Bluff, Nebraska, US,5.96004236022112,2.643655188413713
32001.0,Churchill, Nevada, US,7.76843635019766,6.105735810561805
32003.0,Clark, Nevada, US,2.711488773262084,4.503132165786597
32005.0,Douglas, Nevada, US,4.667658693307634,3.4145096218598288
32007.0,Elko, Nevada, US,6.653901841811635,4.328368199398937
32019.0,Lyon, Nevada, US,3.6230445128196327,4.736607556743221
32023.0,Nye, Nevada, US,6.379269669303656,3.869829369808911
32031.0,Washoe, Nevada, US,3.034165068039478,4.135092745420627
33001.0,Belknap, New Hampshire, US,3.9395009128623406,3.362246882223023
33003.0,Carroll, New Hampshire, US,6.371355027662822,2.8227066901847206
33005.0,Cheshire, New Hampshire, US,4.93349146632028,4.630200024864088
33007.0,Coos, New Hampshire, US,7.585577381818692,9.199873757603768
33009.0,Grafton, New Hampshire, US,6.047992256221811,4.208187043504842
33011.0,Hillsborough, New Hampshire, US,4.812141814321267,4.211043954020518
33013.0,Merrimack, New Hampshire, US,4.23866418927277,3.8187611227345437
33015.0,Rockingham, New Hampshire, US,3.61655216123369,4.228755758974078
33017.0,Strafford, New Hampshire, US,4.28295716267215,3.8815138945300998
33019.0,Sullivan, New Hampshire, US,6.171431520381706,2.877003910874785
34001.0,Atlantic, New Jersey, US,4.541624075111454,4.99258238809301
34003.0,Bergen, New Jersey, US,6.140837604660827,4.985456936475576
34005.0,Burlington, New Jersey, US,3.24807596764397,5.115600318332912
34007.0,Camden, New Jersey, US,2.634333339115842,5.028311246065614
34009.0,Cape May, New Jersey, US,3.097634071528072,4.715546391913249
34011.0,Cumberland, New Jersey, US,4.421573574402975,4.037353328564185
34013.0,Essex, New Jersey, US,4.183748980504612,4.50317909870052
34015.0,Gloucester, New Jersey, US,3.1099753477208845,4.873104449651276
34017.0,Hudson, New Jersey, US,4.547729795177391,4.778279199108531
34019.0,Hunterdon, New Jersey, US,4.0520299620694,5.946718344326907
34021.0,Mercer, New Jersey, US,2.9099219160043805,4.87978948957736
34023.0,Middlesex, New Jersey, US,4.1924700704932985,5.0019075396654875
34025.0,Monmouth, New Jersey, US,4.605716653254909,4.941980027536138
34027.0,Morris, New Jersey, US,5.717235556496076,4.939296186256741
34029.0,Ocean, New Jersey, US,3.6011739630370583,4.46488850168128
34031.0,Passaic, New Jersey, US,4.003352531521361,4.196259370485865
34033.0,Salem, New Jersey, US,4.855884630856666,4.9688614515679195
34035.0,Somerset, New Jersey, US,4.662324446959152,5.187648536943989
34037.0,Sussex, New Jersey, US,5.101371960396219,4.690127335624347
34039.0,Union, New Jersey, US,4.76159811191014,4.43889177481425
34041.0,Warren, New Jersey, US,4.6962399096362155,4.806918812515751
35001.0,Bernalillo, New Mexico, US,3.2115209309357513,4.6512114334479575
35005.0,Chaves, New Mexico, US,6.21974742096359,3.9916498146806316
35009.0,Curry, New Mexico, US,5.332553524754286,4.162452574647776
35015.0,Eddy, New Mexico, US,7.381327082251463,5.052720186809666
35017.0,Grant, New Mexico, US,9.327389990271493,10.180747535876622
35025.0,Lea, New Mexico, US,7.518093679632747,5.3223026096357735
35031.0,McKinley, New Mexico, US,4.260943049956139,5.353358707002338
35035.0,Otero, New Mexico, US,10.217199984252515,5.590875945750588
35039.0,Rio Arriba, New Mexico, US,5.723483018500418,9.347238456635857
35045.0,San Juan, New Mexico, US,4.249279166569166,4.729647631452576
35047.0,San Miguel, New Mexico, US,11.070286282854994,9.91741489925529
35043.0,Sandoval, New Mexico, US,5.046585324571098,4.860932020836182
35049.0,Santa Fe, New Mexico, US,5.263088834717472,4.253042419121655
35055.0,Taos, New Mexico, US,8.879939289243456,6.497340105682213
35061.0,Valencia, New Mexico, US,4.628302978938524,4.752982081836289
36001.0,Albany, New York, US,4.185990257510878,4.7102674101878055
36003.0,Allegany, New York, US,6.641163574296477,3.11306981041083
36005.0,Bronx, New York, US,inf,4.673750650836038
36007.0,Broome, New York, US,4.490418674436016,4.09242114787921
36009.0,Cattaraugus, New York, US,5.616384771048339,3.8479539761424304
36011.0,Cayuga, New York, US,6.556054379367066,4.151220493907291
36013.0,Chautauqua, New York, US,9.119785795147909,3.110436981834369
36015.0,Chemung, New York, US,6.716927058690159,3.796657857261453
36017.0,Chenango, New York, US,4.834926931649843,2.9514728699718473
36019.0,Clinton, New York, US,4.940965735727597,3.374157416363156
36021.0,Columbia, New York, US,6.601682409650036,3.4754904543224474
36023.0,Cortland, New York, US,5.823386014618452,3.4251474134188804
36025.0,Delaware, New York, US,7.9915041603981,8.656783718039083
36027.0,Dutchess, New York, US,4.4098044314835665,4.473654762763352
36029.0,Erie, New York, US,3.132753934181123,4.292051618215107
36031.0,Essex, New York, US,11.242620734599374,10.903997586874034
36033.0,Franklin, New York, US,6.461052972352155,3.6142848073269795
36035.0,Fulton, New York, US,5.856341653781681,3.145981467498005
36037.0,Genesee, New York, US,5.542149334572633,3.742443276658849
36039.0,Greene, New York, US,5.423392938839499,5.6261942769084365
36043.0,Herkimer, New York, US,4.690253180278839,2.817848590057701
36045.0,Jefferson, New York, US,6.036572974821471,2.7747711922292884
36047.0,Kings, New York, US,inf,4.868824120101122
36051.0,Livingston, New York, US,5.448766818145216,3.1308604437947936
36053.0,Madison, New York, US,8.201769979156794,3.3131232303024856
36055.0,Monroe, New York, US,5.380954002951308,4.2097487079258595
36057.0,Montgomery, New York, US,5.089698654095421,3.2589898200039227
36059.0,Nassau, New York, US,6.048485903788029,4.721799243214814
36063.0,Niagara, New York, US,4.273923808579041,3.9751094049647726
36065.0,Oneida, New York, US,4.352367293939642,3.640888284008875
36067.0,Onondaga, New York, US,6.304234522007581,4.059680874798449
36069.0,Ontario, New York, US,8.090988896813764,3.8337702478142774
36071.0,Orange, New York, US,5.195407998324948,4.232270172941235
36073.0,Orleans, New York, US,5.574224119873015,3.5239052176338834
36075.0,Oswego, New York, US,5.536474089588935,3.0527936993327214
36077.0,Otsego, New York, US,6.11625877692283,3.1159936046230103
36079.0,Putnam, New York, US,6.714254855412745,4.829613718053404
36081.0,Queens, New York, US,inf,4.799972977059955
36083.0,Rensselaer, New York, US,4.257668046280596,4.14276043153134
36085.0,Richmond, New York, US,inf,4.810719155582695
36087.0,Rockland, New York, US,5.538071155911983,3.9372520637947708
36091.0,Saratoga, New York, US,3.957075214402598,4.119669131412729
36093.0,Schenectady, New York, US,5.970212416572321,4.372065501574844
36095.0,Schoharie, New York, US,12.211093073562301,12.320077998195512
36099.0,Seneca, New York, US,7.01371303267678,8.860186336934678
36089.0,St. Lawrence, New York, US,5.504621866016338,2.8261717774035966
36101.0,Steuben, New York, US,6.0504462111229556,3.3720280822835305
36103.0,Suffolk, New York, US,5.114582416922971,4.066344696521517
36105.0,Sullivan, New York, US,3.2379979493183835,4.826925150994103
36107.0,Tioga, New York, US,7.139146464765393,3.4151187832081833
36109.0,Tompkins, New York, US,7.449100691458991,4.294671351667762
36111.0,Ulster, New York, US,4.7647634994984065,4.320536277402273
36113.0,Warren, New York, US,4.828054425265636,3.964080349292961
36115.0,Washington, New York, US,5.749633524853463,2.911259798072782
36117.0,Wayne, New York, US,5.518769156314947,3.718642965772996
36119.0,Westchester, New York, US,5.2609200990301,4.760764939654924
36121.0,Wyoming, New York, US,5.961240532472979,3.826167377202457
37001.0,Alamance, North Carolina, US,6.4523408534638795,4.795031752562547
37013.0,Beaufort, North Carolina, US,7.934847184278593,5.447262590238377
37017.0,Bladen, North Carolina, US,10.21330036064848,6.499547244361334
37019.0,Brunswick, North Carolina, US,6.967536265166191,3.692455893767224
37021.0,Buncombe, North Carolina, US,9.18920181563564,4.6317453886414
37023.0,Burke, North Carolina, US,7.468023098162642,4.0281762659133635
37025.0,Cabarrus, North Carolina, US,5.379211344598565,4.670564520310165
37027.0,Caldwell, North Carolina, US,6.783136853151849,3.7940987875425143
37031.0,Carteret, North Carolina, US,7.869035299175485,4.8541132766532655
37035.0,Catawba, North Carolina, US,7.579668959246136,3.8505616536670946
37037.0,Chatham, North Carolina, US,5.617131707440556,5.8968514939379775
37039.0,Cherokee, North Carolina, US,7.73712235087732,8.285973029369876
37045.0,Cleveland, North Carolina, US,5.919810633442986,3.8506579829786753
37047.0,Columbus, North Carolina, US,5.055595226258503,4.591721332718037
37049.0,Craven, North Carolina, US,9.17258193028635,4.296806205818645
37051.0,Cumberland, North Carolina, US,5.132487432817361,4.489910086897929
37053.0,Currituck, North Carolina, US,7.147375989528122,8.117467444847973
37055.0,Dare, North Carolina, US,7.146117892605582,9.393005478938564
37057.0,Davidson, North Carolina, US,6.455367855548339,4.095013136347935
37059.0,Davie, North Carolina, US,8.239203535625322,4.613708220358475
37061.0,Duplin, North Carolina, US,7.096817294671369,5.589617264396208
37063.0,Durham, North Carolina, US,5.666389669106913,5.497634501806939
37065.0,Edgecombe, North Carolina, US,4.841006826722112,5.130124793944066
37067.0,Forsyth, North Carolina, US,7.652833965867251,4.911619018220392
37069.0,Franklin, North Carolina, US,7.167709336734007,5.435572770260184
37071.0,Gaston, North Carolina, US,4.531675530346546,4.136093270996955
37077.0,Granville, North Carolina, US,8.573901303546657,4.90906008718497
37081.0,Guilford, North Carolina, US,6.300802065147957,4.876368261023953
37083.0,Halifax, North Carolina, US,5.736610702896801,4.710473613037824
37085.0,Harnett, North Carolina, US,5.94566820793274,4.3338799652781725
37087.0,Haywood, North Carolina, US,8.017434036557455,4.71596284587025
37089.0,Henderson, North Carolina, US,3.948375399482352,4.41317930693952
37093.0,Hoke, North Carolina, US,5.675599165019128,4.3180339310698646
37097.0,Iredell, North Carolina, US,5.04977657996178,4.312258087154852
37099.0,Jackson, North Carolina, US,6.319988110741056,4.586289850040767
37101.0,Johnston, North Carolina, US,6.52153626956177,4.665258281794108
37105.0,Lee, North Carolina, US,4.944278801660604,5.222889026208789
37107.0,Lenoir, North Carolina, US,5.251857835938821,5.200823526965036
37109.0,Lincoln, North Carolina, US,5.159144723220299,4.914993623654708
37113.0,Macon, North Carolina, US,11.095914303642104,4.259707140594702
37111.0,McDowell, North Carolina, US,7.335398495565266,4.991065517719484
37119.0,Mecklenburg, North Carolina, US,5.633399022982726,5.003894512318627
37123.0,Montgomery, North Carolina, US,9.869940296407396,8.966329178992293
37125.0,Moore, North Carolina, US,6.710658484536036,4.791769690572736
37127.0,Nash, North Carolina, US,4.367756195953982,4.312682345659419
37129.0,New Hanover, North Carolina, US,5.409126758023749,4.04574424822885
37133.0,Onslow, North Carolina, US,6.60527729169162,3.992542925631491
37135.0,Orange, North Carolina, US,6.440057373443162,5.801921199812649
37139.0,Pasquotank, North Carolina, US,8.948915541353617,4.243079177281756
37141.0,Pender, North Carolina, US,7.17495114570679,4.508572506523246
37145.0,Person, North Carolina, US,5.032186476807398,5.362142163512599
37147.0,Pitt, North Carolina, US,6.158813040310732,4.3692055335699616
37151.0,Randolph, North Carolina, US,6.05185001525071,3.9853310127287194
37153.0,Richmond, North Carolina, US,5.154202972864333,5.676001669636344
37155.0,Robeson, North Carolina, US,6.120039147564301,4.820460069168063
37157.0,Rockingham, North Carolina, US,7.115257867984503,4.297853925506054
37159.0,Rowan, North Carolina, US,5.039922588401352,4.2533603248687735
37161.0,Rutherford, North Carolina, US,5.937490390432831,5.297956376759732
37163.0,Sampson, North Carolina, US,6.902439210981395,5.388136892983894
37165.0,Scotland, North Carolina, US,5.049271937286765,5.539618647494598
37167.0,Stanly, North Carolina, US,7.34154944689723,4.424656543298466
37169.0,Stokes, North Carolina, US,9.39099810576078,5.011532614207705
37171.0,Surry, North Carolina, US,8.514807166492167,4.131871108857756
37175.0,Transylvania, North Carolina, US,8.633478473569477,6.540029875469603
37179.0,Union, North Carolina, US,3.1064360668758995,4.823799085330256
37181.0,Vance, North Carolina, US,5.768034725739785,4.980633215716056
37183.0,Wake, North Carolina, US,4.521702778114094,5.3642087407662205
37189.0,Watauga, North Carolina, US,4.097658069653238,8.751404034828745
37191.0,Wayne, North Carolina, US,7.629662212506338,4.719879259910097
37193.0,Wilkes, North Carolina, US,6.705372280288087,5.401254305823911
37195.0,Wilson, North Carolina, US,5.122718275080577,5.060685311073059
37197.0,Yadkin, North Carolina, US,6.963977847761675,6.31850417389656
38015.0,Burleigh, North Dakota, US,4.915946882384259,2.636364863296646
38017.0,Cass, North Dakota, US,7.984230300878998,2.9979604087873213
38035.0,Grand Forks, North Dakota, US,7.359206590337089,3.31641549759834
38059.0,Morton, North Dakota, US,9.585046444394862,3.812878800066086
38089.0,Stark, North Dakota, US,4.932646083625919,5.244947406794441
38101.0,Ward, North Dakota, US,9.557699340869192,2.9526680955551785
38105.0,Williams, North Dakota, US,7.228757626415917,2.475687973187562
39001.0,Adams, Ohio, US,12.29662499754734,11.347811748495367
39003.0,Allen, Ohio, US,4.701347777167734,2.9313724350307258
39005.0,Ashland, Ohio, US,7.159726123249641,2.7785315115625
39007.0,Ashtabula, Ohio, US,5.07872268399707,2.6873922182420786
39009.0,Athens, Ohio, US,9.469167124416527,3.8120869653700424
39011.0,Auglaize, Ohio, US,4.754451885579121,2.753892084710921
39013.0,Belmont, Ohio, US,4.868579474075294,3.913597112075103
39015.0,Brown, Ohio, US,6.33063619462665,3.166472170730369
39017.0,Butler, Ohio, US,7.193566795488294,4.169529115037595
39019.0,Carroll, Ohio, US,11.201978041985281,11.3754969249771
39021.0,Champaign, Ohio, US,5.676660037789619,2.815240111562331
39023.0,Clark, Ohio, US,8.702457734502062,3.316774607254562
39025.0,Clermont, Ohio, US,6.0358268098002705,4.301489500830095
39027.0,Clinton, Ohio, US,5.531899259487316,2.9712371571603535
39029.0,Columbiana, Ohio, US,6.943494695917838,2.900280820130233
39031.0,Coshocton, Ohio, US,7.183404288142837,2.9842184759264314
39033.0,Crawford, Ohio, US,5.204065497058256,2.9975099008826747
39035.0,Cuyahoga, Ohio, US,4.616901729136555,4.035055290525842
39037.0,Darke, Ohio, US,8.041305317993267,2.184845136985711
39039.0,Defiance, Ohio, US,6.6492674087577965,2.9640126286592596
39041.0,Delaware, Ohio, US,4.063408635245933,4.713112673916334
39043.0,Erie, Ohio, US,8.158449259688892,3.086406973904638
39045.0,Fairfield, Ohio, US,4.490030514336965,4.228191916854994
39047.0,Fayette, Ohio, US,10.248877008453777,8.627406613773386
39049.0,Franklin, Ohio, US,4.515056922569151,4.541818230051162
39051.0,Fulton, Ohio, US,5.054112012682156,2.445711900771318
39055.0,Geauga, Ohio, US,4.305813701459722,3.24437660276474
39057.0,Greene, Ohio, US,6.308886968507076,4.203577712210883
39059.0,Guernsey, Ohio, US,6.494591934876115,3.3255448994436847
39061.0,Hamilton, Ohio, US,4.034950277962888,4.591596252173697
39063.0,Hancock, Ohio, US,4.976363089886312,3.6680635521319407
39065.0,Hardin, Ohio, US,2.7074077269895933,9.521119587631212
39069.0,Henry, Ohio, US,5.87484967384991,8.854161972926272
39071.0,Highland, Ohio, US,7.315278545664875,2.835906536013728
39073.0,Hocking, Ohio, US,10.902943489719418,9.361620217232565
39075.0,Holmes, Ohio, US,12.310070858664368,11.233405388947011
39077.0,Huron, Ohio, US,6.3182335047499,3.385557490467515
39079.0,Jackson, Ohio, US,13.051037055074563,13.486218775655958
39081.0,Jefferson, Ohio, US,5.100151932176801,4.167103947053786
39083.0,Knox, Ohio, US,4.909445519365088,3.1487697972411586
39085.0,Lake, Ohio, US,4.825252710608782,3.4589353923623216
39087.0,Lawrence, Ohio, US,6.747855175862929,2.9495312724984193
39089.0,Licking, Ohio, US,5.121387245196457,3.8570319118882295
39091.0,Logan, Ohio, US,9.164419577967903,2.405628640261551
39093.0,Lorain, Ohio, US,3.4864927768393015,3.650818281787856
39095.0,Lucas, Ohio, US,2.3845058333477613,3.3557975585842144
39097.0,Madison, Ohio, US,7.019907324159079,3.321110756264046
39099.0,Mahoning, Ohio, US,2.266353740337083,3.1987369882384304
39101.0,Marion, Ohio, US,9.246731205578651,3.913883947773454
39103.0,Medina, Ohio, US,6.857119269438614,3.7690241843842016
39107.0,Mercer, Ohio, US,9.39451189268316,2.677644111004932
39109.0,Miami, Ohio, US,8.036843205789538,3.215893971498219
39113.0,Montgomery, Ohio, US,5.892409144501879,4.043970563892542
39117.0,Morrow, Ohio, US,7.1006346453756795,2.8829756453838122
39119.0,Muskingum, Ohio, US,6.65165259966287,3.4947920245042057
39123.0,Ottawa, Ohio, US,7.81136751474094,2.7223423517776593
39127.0,Perry, Ohio, US,6.73072634244176,7.3638623253503335
39129.0,Pickaway, Ohio, US,8.770364864245554,3.4317348542304553
39133.0,Portage, Ohio, US,3.4151297133567575,3.5782663002023427
39135.0,Preble, Ohio, US,6.147810220183457,2.684319514171769
39137.0,Putnam, Ohio, US,7.966637134053908,8.75526827573549
39139.0,Richland, Ohio, US,5.374245867360471,3.113956936491134
39141.0,Ross, Ohio, US,5.535997707060953,4.056566948423667
39143.0,Sandusky, Ohio, US,5.44527494686365,3.275660244461458
39145.0,Scioto, Ohio, US,8.220791642644143,3.98888813070288
39147.0,Seneca, Ohio, US,6.327086865482291,3.198656572599337
39149.0,Shelby, Ohio, US,6.902550093520356,2.817013624288242
39151.0,Stark, Ohio, US,4.451981483952077,3.4082833364668206
39153.0,Summit, Ohio, US,4.712987258371272,3.858568331985608
39155.0,Trumbull, Ohio, US,3.91117925492194,2.8279477251666307
39157.0,Tuscarawas, Ohio, US,6.2182642546594105,3.258640061500835
39159.0,Union, Ohio, US,7.447589075494824,3.6676776662263624
39161.0,Van Wert, Ohio, US,9.19522760780188,3.096145628721684
39165.0,Warren, Ohio, US,6.503909819531913,4.341484901726306
39167.0,Washington, Ohio, US,5.295616180466702,3.191927286141329
39169.0,Wayne, Ohio, US,5.172758221954682,3.3285279073602885
39171.0,Williams, Ohio, US,6.63084331443673,2.6876018059800475
39173.0,Wood, Ohio, US,3.9092100863086388,3.6085851875596586
39175.0,Wyandot, Ohio, US,8.188478712031284,8.208224347223938
40013.0,Bryan, Oklahoma, US,7.591458335044997,2.7883078588419847
40017.0,Canadian, Oklahoma, US,3.3613346089197456,3.1901979855212157
40019.0,Carter, Oklahoma, US,10.824563568819038,2.4777655372915843
40021.0,Cherokee, Oklahoma, US,6.412214423464896,2.616265176501138
40027.0,Cleveland, Oklahoma, US,4.875467751756449,3.299043306531652
40031.0,Comanche, Oklahoma, US,6.480673507264062,3.141926212813081
40037.0,Creek, Oklahoma, US,5.590022988776552,3.342354048319149
40041.0,Delaware, Oklahoma, US,7.826045856730397,2.4780697441928625
40047.0,Garfield, Oklahoma, US,6.266316796007416,2.902498272672563
40049.0,Garvin, Oklahoma, US,9.946149661845235,8.29604461983802
40051.0,Grady, Oklahoma, US,6.288944553005625,2.76963597374775
40065.0,Jackson, Oklahoma, US,6.062878560522813,6.469288957358533
40071.0,Kay, Oklahoma, US,5.418139851953594,2.3223780461411776
40079.0,Le Flore, Oklahoma, US,6.257178144728839,2.9402933613913054
40081.0,Lincoln, Oklahoma, US,3.723162123916421,7.292503695413584
40083.0,Logan, Oklahoma, US,5.121821005008714,2.8428060743001873
40097.0,Mayes, Oklahoma, US,5.356057272900476,2.716779665003883
40087.0,McClain, Oklahoma, US,7.385433124425162,6.071920355414615
40089.0,McCurtain, Oklahoma, US,8.605461620978456,6.437815580234046
40101.0,Muskogee, Oklahoma, US,6.554782331608509,3.346310777754409
40109.0,Oklahoma, Oklahoma, US,3.0571156699998716,3.127462903161566
40111.0,Okmulgee, Oklahoma, US,7.718529619663054,2.6900833748891
40113.0,Osage, Oklahoma, US,4.921512752496025,2.8963845186301356
40115.0,Ottawa, Oklahoma, US,6.574172602451725,6.8913981822364105
40119.0,Payne, Oklahoma, US,6.516907074927199,4.0461332525504385
40121.0,Pittsburg, Oklahoma, US,5.405892994664613,2.676298651720912
40123.0,Pontotoc, Oklahoma, US,7.054243207395473,4.366654319492584
40125.0,Pottawatomie, Oklahoma, US,4.89652538476785,3.226813661880132
40131.0,Rogers, Oklahoma, US,5.189983101904521,3.6730983909230437
40135.0,Sequoyah, Oklahoma, US,8.137074634649741,2.9595154114565694
40137.0,Stephens, Oklahoma, US,9.078203751175865,2.421313221829246
40143.0,Tulsa, Oklahoma, US,4.6745891972863625,3.3042669451381848
40145.0,Wagoner, Oklahoma, US,6.09943462283051,3.603701527684295
40147.0,Washington, Oklahoma, US,5.60936862161322,3.360626375979071
41003.0,Benton, Oregon, US,6.961223951886594,5.972098351217924
41005.0,Clackamas, Oregon, US,3.9802279924837296,4.751298361211193
41007.0,Clatsop, Oregon, US,7.546436252883444,3.677635505504689
41009.0,Columbia, Oregon, US,8.094682976652015,3.7208386580177284
41011.0,Coos, Oregon, US,7.522716842329772,3.9791508635581234
41013.0,Crook, Oregon, US,12.247634207671007,7.700184275574115
41017.0,Deschutes, Oregon, US,5.564700549034303,3.6659303812492876
41019.0,Douglas, Oregon, US,6.769988892294663,2.957246670307901
41029.0,Jackson, Oregon, US,6.864432515500195,3.319533659018402
41031.0,Jefferson, Oregon, US,9.875430264781173,8.05753737993366
41033.0,Josephine, Oregon, US,6.278394760437171,2.864844360885036
41035.0,Klamath, Oregon, US,5.811337017486784,3.4313557717055136
41039.0,Lane, Oregon, US,5.367196126713426,4.27909425178994
41041.0,Lincoln, Oregon, US,8.021006284642372,4.125599160212101
41043.0,Linn, Oregon, US,4.98859020097458,4.002460701077549
41045.0,Malheur, Oregon, US,3.76935508710845,9.747681919102574
41047.0,Marion, Oregon, US,2.8869298514235107,4.20116700317206
41051.0,Multnomah, Oregon, US,3.0866287718571486,5.273989359627334
41053.0,Polk, Oregon, US,7.9150544682874315,4.914439845182466
41057.0,Tillamook, Oregon, US,10.853899636005421,7.214344977008716
41059.0,Umatilla, Oregon, US,5.09952624664524,3.4459945382889074
41061.0,Union, Oregon, US,10.671227729223864,7.876588308966434
41065.0,Wasco, Oregon, US,5.353375594531417,5.391843154330226
41067.0,Washington, Oregon, US,3.001825782834909,5.3067112521585065
41071.0,Yamhill, Oregon, US,5.472371725188237,3.9245918409787137
42001.0,Adams, Pennsylvania, US,4.217695457796075,3.969269135288068
42003.0,Allegheny, Pennsylvania, US,3.9070801754284874,4.329779626365479
42005.0,Armstrong, Pennsylvania, US,4.362106733888268,3.0029518637013584
42007.0,Beaver, Pennsylvania, US,5.598377165079715,3.8714862635975065
42009.0,Bedford, Pennsylvania, US,5.53381686126839,2.724440756340957
42011.0,Berks, Pennsylvania, US,4.367256124833357,4.2640783258371036
42013.0,Blair, Pennsylvania, US,7.893694084202176,3.173409561390911
42015.0,Bradford, Pennsylvania, US,5.705163721534231,3.3272060182242957
42017.0,Bucks, Pennsylvania, US,2.806927001687715,4.770035872882775
42019.0,Butler, Pennsylvania, US,4.854046312179329,3.3921297604314753
42021.0,Cambria, Pennsylvania, US,4.17768303150269,3.0941424213059534
42025.0,Carbon, Pennsylvania, US,4.398497717633728,3.8034548423183323
42027.0,Centre, Pennsylvania, US,5.396596159114777,4.601018352911408
42029.0,Chester, Pennsylvania, US,2.684464279018569,5.131169004947587
42031.0,Clarion, Pennsylvania, US,3.591418201037314,9.113281455272482
42033.0,Clearfield, Pennsylvania, US,6.27322898423745,2.859108369897926
42035.0,Clinton, Pennsylvania, US,5.905515377179467,3.1947811345403174
42037.0,Columbia, Pennsylvania, US,5.536025027230445,3.7650938069602753
42039.0,Crawford, Pennsylvania, US,6.9007701383013975,3.1049009673847303
42041.0,Cumberland, Pennsylvania, US,3.5816448879190177,4.637874525629369
42043.0,Dauphin, Pennsylvania, US,3.0862163270528997,4.6745756230061035
42045.0,Delaware, Pennsylvania, US,2.2000343448866584,4.994102771234826
42047.0,Elk, Pennsylvania, US,7.428878162951374,10.411954253561179
42049.0,Erie, Pennsylvania, US,8.885979830139975,3.219934835252745
42051.0,Fayette, Pennsylvania, US,5.384343199546797,2.9901594398818605
42055.0,Franklin, Pennsylvania, US,4.722560709122595,3.7632595731491083
42059.0,Greene, Pennsylvania, US,7.896364111778055,8.410189734004213
42061.0,Huntingdon, Pennsylvania, US,7.841727355834506,3.162872688015916
42063.0,Indiana, Pennsylvania, US,5.947180465101022,3.8752776894635965
42065.0,Jefferson, Pennsylvania, US,6.888681679643559,2.683463060418147
42069.0,Lackawanna, Pennsylvania, US,2.6692272382368243,3.8529851676123803
42071.0,Lancaster, Pennsylvania, US,2.6088696887749503,3.927110967690053
42073.0,Lawrence, Pennsylvania, US,6.159445732129688,3.560513868784891
42075.0,Lebanon, Pennsylvania, US,4.276629320423521,3.8203090151876418
42077.0,Lehigh, Pennsylvania, US,4.813722779623082,4.300011961513549
42079.0,Luzerne, Pennsylvania, US,5.67644958315843,3.8017172863453794
42081.0,Lycoming, Pennsylvania, US,5.153584032116145,2.960245982657904
42085.0,Mercer, Pennsylvania, US,5.682997790896135,2.7054000788876227
42087.0,Mifflin, Pennsylvania, US,4.424164961753109,2.658060026308255
42089.0,Monroe, Pennsylvania, US,6.364511272544094,4.446575966457788
42091.0,Montgomery, Pennsylvania, US,2.522083024738332,5.134869237595857
42095.0,Northampton, Pennsylvania, US,3.0647874010102143,4.364776637747265
42097.0,Northumberland, Pennsylvania, US,5.228055400136198,3.0381560952703555
42099.0,Perry, Pennsylvania, US,6.445537394369965,3.367594208565993
42101.0,Philadelphia, Pennsylvania, US,2.7471814984674503,4.961556374515813
42103.0,Pike, Pennsylvania, US,4.528590499033434,3.417654490290497
42107.0,Schuylkill, Pennsylvania, US,2.7816939880809732,3.3661605770262635
42109.0,Snyder, Pennsylvania, US,7.164805828830733,7.948421768545841
42111.0,Somerset, Pennsylvania, US,4.6921533681775855,3.307166786695676
42115.0,Susquehanna, Pennsylvania, US,5.423277599106426,5.820212663701067
42117.0,Tioga, Pennsylvania, US,7.577463116934751,2.9014259351104195
42119.0,Union, Pennsylvania, US,3.6813350517506587,10.048929559637923
42121.0,Venango, Pennsylvania, US,7.2376793153858285,2.2432852851544225
42123.0,Warren, Pennsylvania, US,11.619275541378464,3.0085293616637805
42125.0,Washington, Pennsylvania, US,4.45970097594016,3.67660169599614
42127.0,Wayne, Pennsylvania, US,5.958866599683332,5.07168757635324
42129.0,Westmoreland, Pennsylvania, US,5.1945460478885925,3.4323246785573036
42131.0,Wyoming, Pennsylvania, US,12.00451418948146,12.542256498096751
42133.0,York, Pennsylvania, US,2.950813932023709,4.097839441997718
44001.0,Bristol, Rhode Island, US,3.7134348515519147,8.727277102179617
44003.0,Kent, Rhode Island, US,5.117884100042844,4.24827850963984
44005.0,Newport, Rhode Island, US,5.043118776999126,4.62976433620235
44007.0,Providence, Rhode Island, US,5.303550716361989,4.275188655061117
44009.0,Washington, Rhode Island, US,5.526135516415388,4.920849733291358
45003.0,Aiken, South Carolina, US,4.586199242567008,4.0059273838299045
45007.0,Anderson, South Carolina, US,3.376820329410663,3.703840379257688
45013.0,Beaufort, South Carolina, US,5.438010549361578,2.765502731403905
45015.0,Berkeley, South Carolina, US,4.816141789000825,3.542463230908279
45019.0,Charleston, South Carolina, US,5.669315173065298,3.5219063352123836
45021.0,Cherokee, South Carolina, US,5.586554351734879,3.850781787301133
45023.0,Chester, South Carolina, US,4.694387222157564,6.509375762208909
45025.0,Chesterfield, South Carolina, US,6.830121259689218,4.281683643973682
45029.0,Colleton, South Carolina, US,8.688487918883327,3.9329157389407423
45031.0,Darlington, South Carolina, US,3.9548634522759447,4.093932379747051
45033.0,Dillon, South Carolina, US,11.305774314901491,11.571486056901282
45035.0,Dorchester, South Carolina, US,5.787903202673864,3.612826235093988
45041.0,Florence, South Carolina, US,3.295001629056883,4.007986983163532
45043.0,Georgetown, South Carolina, US,5.89725678743655,3.5416118670049976
45045.0,Greenville, South Carolina, US,3.988904958855389,4.073656668169558
45047.0,Greenwood, South Carolina, US,5.068403071018381,4.779508212738974
45051.0,Horry, South Carolina, US,6.222288024166029,2.3152976828851126
45053.0,Jasper, South Carolina, US,6.912021550899437,8.653535632887793
45055.0,Kershaw, South Carolina, US,4.900594205451277,4.332942744402026
45057.0,Lancaster, South Carolina, US,6.400009853654309,4.898315634743967
45059.0,Laurens, South Carolina, US,6.283110318316688,4.092108206459528
45063.0,Lexington, South Carolina, US,3.7968468696007363,3.9449479516674
45067.0,Marion, South Carolina, US,12.660440319717143,12.395329309807163
45071.0,Newberry, South Carolina, US,7.980070565748375,3.5265635619435622
45073.0,Oconee, South Carolina, US,5.087362483060828,5.802388484530279
45075.0,Orangeburg, South Carolina, US,5.351930828721943,4.460045850742536
45077.0,Pickens, South Carolina, US,6.096482847862668,4.207206312661768
45079.0,Richland, South Carolina, US,2.0546304509690114,4.422913801565283
45083.0,Spartanburg, South Carolina, US,4.0554716136205755,3.684970038394919
45085.0,Sumter, South Carolina, US,3.4546080878414416,3.6307643912801866
45087.0,Union, South Carolina, US,7.786592930567473,8.10926339130641
45091.0,York, South Carolina, US,4.509204367782329,4.479807897221899
46011.0,Brookings, South Dakota, US,7.223262671475897,3.8257513684002564
46013.0,Brown, South Dakota, US,7.53381250482363,2.72109334648413
46029.0,Codington, South Dakota, US,9.726685556343394,2.4498511118585777
46083.0,Lincoln, South Dakota, US,3.7551988183280014,3.3597516153874896
46093.0,Meade, South Dakota, US,5.1407181383369975,8.533151799710659
46099.0,Minnehaha, South Dakota, US,5.27978547441703,3.517176113098029
46103.0,Pennington, South Dakota, US,11.179752731413716,2.6334476148227144
46135.0,Yankton, South Dakota, US,7.2309394447104705,5.782798852201331
47001.0,Anderson, Tennessee, US,5.808039476997395,4.298519184197825
47003.0,Bedford, Tennessee, US,5.948880774908815,3.1029407953304995
47009.0,Blount, Tennessee, US,6.998710471343,3.0843329843524923
47011.0,Bradley, Tennessee, US,4.9931048118952255,2.9666528112409827
47013.0,Campbell, Tennessee, US,7.000400096119592,3.5393478588891316
47017.0,Carroll, Tennessee, US,8.483563888131576,6.930060657344603
47019.0,Carter, Tennessee, US,6.945925590890217,3.774124586225357
47021.0,Cheatham, Tennessee, US,5.399638005286707,3.3201646836503906
47025.0,Claiborne, Tennessee, US,12.5235243553713,11.636396320558006
47029.0,Cocke, Tennessee, US,6.349843155794357,3.054492998541838
47031.0,Coffee, Tennessee, US,3.5263200566199258,3.7038437077485207
47035.0,Cumberland, Tennessee, US,4.725560333273127,3.492093706272757
47037.0,Davidson, Tennessee, US,3.7693757157830334,4.255505692953819
47043.0,Dickson, Tennessee, US,4.679086635529319,2.7637029047682824
47045.0,Dyer, Tennessee, US,4.525032393478158,3.0544129637661475
47047.0,Fayette, Tennessee, US,5.506104068840451,9.629189693298917
47051.0,Franklin, Tennessee, US,4.528223907933695,2.9488537886826407
47053.0,Gibson, Tennessee, US,3.343204922849397,2.4331013657890908
47055.0,Giles, Tennessee, US,9.556593208671993,7.726249985456073
47059.0,Greene, Tennessee, US,5.195010190960868,3.150893157650376
47063.0,Hamblen, Tennessee, US,6.707953721026182,3.778303566176535
47065.0,Hamilton, Tennessee, US,9.325719112891818,3.6615905352483824
47073.0,Hawkins, Tennessee, US,7.514056199287279,4.132486167446626
47077.0,Henderson, Tennessee, US,12.19987324369627,12.216596712239323
47079.0,Henry, Tennessee, US,8.726362745942946,4.59848576542874
47081.0,Hickman, Tennessee, US,11.993122044053568,10.118652672615278
47089.0,Jefferson, Tennessee, US,7.731145249870047,3.3568360786111593
47093.0,Knox, Tennessee, US,4.601750538823822,3.6040840573004234
47099.0,Lawrence, Tennessee, US,6.966340064239554,3.070852954490752
47103.0,Lincoln, Tennessee, US,7.263473869995979,7.940859633844987
47105.0,Loudon, Tennessee, US,11.507641494361504,2.8294449364387946
47113.0,Madison, Tennessee, US,5.194777658222278,2.7359621429371925
47115.0,Marion, Tennessee, US,9.8594575144483,8.702340941562888
47117.0,Marshall, Tennessee, US,6.698998925594937,8.135388003659418
47119.0,Maury, Tennessee, US,6.192029475006296,3.4334564978657243
47107.0,McMinn, Tennessee, US,8.467267108326,3.422509232988857
47123.0,Monroe, Tennessee, US,6.397069328152878,2.580352356007975
47125.0,Montgomery, Tennessee, US,4.765397922690067,3.0952178286076557
47131.0,Obion, Tennessee, US,4.743283554131206,8.177389886552197
47141.0,Putnam, Tennessee, US,9.21176992795247,3.484546546691194
47143.0,Rhea, Tennessee, US,10.384151171405204,8.80342510354494
47145.0,Roane, Tennessee, US,9.252951115672316,3.4208681255874698
47147.0,Robertson, Tennessee, US,6.6451749756409395,4.284786476519834
47149.0,Rutherford, Tennessee, US,4.572867019259884,3.9405498360727877
47155.0,Sevier, Tennessee, US,5.158236514411215,2.1306745477403637
47157.0,Shelby, Tennessee, US,3.389997367284791,3.5308519528023785
47163.0,Sullivan, Tennessee, US,5.964546337998777,3.39855719226118
47165.0,Sumner, Tennessee, US,5.2405306282559145,3.447145680260508
47167.0,Tipton, Tennessee, US,8.825595226793663,2.628321256289489
47177.0,Warren, Tennessee, US,6.3319250946389145,3.2115367858658708
47179.0,Washington, Tennessee, US,5.087535941482262,3.386415365521267
47183.0,Weakley, Tennessee, US,5.587556849413276,7.1432017802588135
47185.0,White, Tennessee, US,9.309706936609741,8.855786238678407
47187.0,Williamson, Tennessee, US,6.45744007498478,4.423953623779106
47189.0,Wilson, Tennessee, US,3.8534342751937567,3.727497660447638
48001.0,Anderson, Texas, US,4.025343407818953,2.6997786235421133
48005.0,Angelina, Texas, US,5.016702086035365,3.9284134914088
48007.0,Aransas, Texas, US,5.961896669744168,8.5065047416251
48013.0,Atascosa, Texas, US,5.206411144903031,4.254905885271892
48015.0,Austin, Texas, US,8.995303532572695,7.803138738939265
48021.0,Bastrop, Texas, US,6.021481123098295,3.8827400906773657
48025.0,Bee, Texas, US,11.967547167998886,11.029570088335632
48027.0,Bell, Texas, US,3.8924835171344427,3.7362862551393277
48029.0,Bexar, Texas, US,4.082103112513871,4.047109805746046
48037.0,Bowie, Texas, US,7.496420684379369,2.9674534221046676
48039.0,Brazoria, Texas, US,2.5739671478213486,3.712217288743593
48041.0,Brazos, Texas, US,6.97849697898353,3.9944524854929986
48049.0,Brown, Texas, US,7.184818274734537,2.350231201455302
48053.0,Burnet, Texas, US,5.151590401969625,2.7043764691561774
48055.0,Caldwell, Texas, US,6.508653033647897,3.1501687979296724
48061.0,Cameron, Texas, US,3.029385183300279,2.816310780239086
48067.0,Cass, Texas, US,7.907707943358765,6.944425358880154
48071.0,Chambers, Texas, US,5.145918296586938,3.280521921271417
48073.0,Cherokee, Texas, US,6.866831855004508,3.144226247608842
48085.0,Collin, Texas, US,2.8640200419771538,4.7600267815932025
48091.0,Comal, Texas, US,4.64888938363832,3.52618716404656
48097.0,Cooke, Texas, US,6.746421810520761,3.186410810523891
48099.0,Coryell, Texas, US,5.93561809350241,3.803375939786447
48113.0,Dallas, Texas, US,5.670336668584433,4.056085825471202
48121.0,Denton, Texas, US,3.3390069635705095,4.403421805028308
48135.0,Ector, Texas, US,5.665301165912018,3.654576778205828
48141.0,El Paso, Texas, US,6.825062969978488,4.579375830964916
48139.0,Ellis, Texas, US,3.1157527735994193,3.807312053709083
48143.0,Erath, Texas, US,5.293451397233847,7.585014887985013
48147.0,Fannin, Texas, US,6.599604195999567,4.013759119259221
48157.0,Fort Bend, Texas, US,3.239811504075239,4.461256398820241
48167.0,Galveston, Texas, US,4.6400219508454015,3.338069880981452
48181.0,Grayson, Texas, US,9.677376905048725,3.5689351041939164
48183.0,Gregg, Texas, US,5.244652630543091,3.0053244682536935
48185.0,Grimes, Texas, US,10.088531129409006,6.988086288008146
48187.0,Guadalupe, Texas, US,4.9158039988917634,3.8317478993691725
48189.0,Hale, Texas, US,4.067757018770651,8.064676144841604
48199.0,Hardin, Texas, US,5.015122329323377,3.1588716521890743
48201.0,Harris, Texas, US,4.328312508439651,3.7905623867534795
48203.0,Harrison, Texas, US,5.3341321719098955,3.827141230578558
48209.0,Hays, Texas, US,4.887040128027883,4.037508234826144
48213.0,Henderson, Texas, US,5.164844372155598,2.8048846650205586
48215.0,Hidalgo, Texas, US,3.1887920235908784,2.872403881927688
48217.0,Hill, Texas, US,4.4413172116403965,2.846745417546102
48219.0,Hockley, Texas, US,9.598780708248361,9.006211618217119
48221.0,Hood, Texas, US,5.6957632939935765,3.3550422338926325
48223.0,Hopkins, Texas, US,10.695572012817278,2.897458869857472
48227.0,Howard, Texas, US,8.236196608559741,3.972281574061786
48231.0,Hunt, Texas, US,5.205602959008166,3.2736564807979462
48241.0,Jasper, Texas, US,6.354798007782404,10.628296136259355
48245.0,Jefferson, Texas, US,3.4046653410962544,3.4180552892098914
48249.0,Jim Wells, Texas, US,4.4416742858660605,6.636091822770439
48251.0,Johnson, Texas, US,4.840860879650039,3.4142886114385353
48257.0,Kaufman, Texas, US,5.852185508898436,3.809035784558987
48259.0,Kendall, Texas, US,5.57010979967671,6.210928320778333
48265.0,Kerr, Texas, US,8.460153531045078,2.7888353083626174
48273.0,Kleberg, Texas, US,4.611748978748721,8.163489494018808
48277.0,Lamar, Texas, US,7.811858365545723,3.0085538877803852
48291.0,Liberty, Texas, US,5.9229360205393995,3.124597778931354
48303.0,Lubbock, Texas, US,4.02395295464921,3.346067016078046
48321.0,Matagorda, Texas, US,7.327963875747456,4.04519275286959
48323.0,Maverick, Texas, US,7.810968694334423,4.412720728265484
48309.0,McLennan, Texas, US,3.9974524954253385,3.273183676521194
48325.0,Medina, Texas, US,7.038200188966594,3.602333914781808
48329.0,Midland, Texas, US,5.791924817703873,4.166562218396701
48339.0,Montgomery, Texas, US,2.5583956050623224,3.6083733319522597
48341.0,Moore, Texas, US,8.605409331915126,8.501852847148355
48347.0,Nacogdoches, Texas, US,3.4286374438883813,3.524247563416755
48349.0,Navarro, Texas, US,4.971730831698923,2.6293628234282553
48355.0,Nueces, Texas, US,6.627458173335133,3.2022113989629335
48361.0,Orange, Texas, US,5.028949223419748,3.0755791708398594
48363.0,Palo Pinto, Texas, US,5.140187466082187,7.999029202682983
48367.0,Parker, Texas, US,5.050331383198886,3.419341455130146
48373.0,Polk, Texas, US,5.3822583996459095,2.2268461741423438
48375.0,Potter, Texas, US,7.2387589809473125,3.3120648833115407
48381.0,Randall, Texas, US,6.428834291546444,3.6669574873527893
48397.0,Rockwall, Texas, US,5.667400284877911,4.624053339205404
48401.0,Rusk, Texas, US,5.918440706683757,2.473999357318237
48407.0,San Jacinto, Texas, US,9.796371157957964,9.960813474037934
48409.0,San Patricio, Texas, US,6.62113771630343,3.5156344711736125
48423.0,Smith, Texas, US,3.6994644080611105,2.8117789392341614
48427.0,Starr, Texas, US,8.168863298345476,3.578063760441573
48439.0,Tarrant, Texas, US,4.503660110625289,4.154398716830146
48441.0,Taylor, Texas, US,10.526391925680302,3.4105873951337764
48449.0,Titus, Texas, US,10.432396324879818,3.7835427773099157
48451.0,Tom Green, Texas, US,8.567856301233425,3.6757926764654343
48453.0,Travis, Texas, US,2.628573074800906,4.69926672389472
48459.0,Upshur, Texas, US,4.490133247845953,3.538887698933573
48465.0,Val Verde, Texas, US,8.488337387429008,4.198605845966651
48467.0,Van Zandt, Texas, US,5.590102186872569,3.4867746957182097
48469.0,Victoria, Texas, US,5.213101341352754,2.8015590380159643
48471.0,Walker, Texas, US,5.69586470982328,4.252317014506956
48473.0,Waller, Texas, US,5.8521973672896195,3.2511014632321786
48477.0,Washington, Texas, US,13.137139574129547,13.09016725405112
48479.0,Webb, Texas, US,2.919643836119553,4.128556510726269
48481.0,Wharton, Texas, US,6.344792872156129,3.4586950049908927
48485.0,Wichita, Texas, US,6.079778388966544,2.992168711980916
48491.0,Williamson, Texas, US,5.445066183459078,4.612955821924406
48493.0,Wilson, Texas, US,5.700878509340807,3.529686383899633
48497.0,Wise, Texas, US,5.672592223574032,3.9588325484367384
48499.0,Wood, Texas, US,6.040666908022517,2.367282185061664
49003.0,Box Elder, Utah, US,inf,3.7759223022632873
49005.0,Cache, Utah, US,11.4456601706395,3.1894799142490866
49011.0,Davis, Utah, US,3.365155988393363,3.8048266097214696
49021.0,Iron, Utah, US,11.151888045137882,3.3018668207082045
49035.0,Salt Lake, Utah, US,4.686312237445801,4.033164622512092
49043.0,Summit, Utah, US,9.314515800920592,10.516684835459602
49045.0,Tooele, Utah, US,4.907625564748339,4.156538100831174
49047.0,Uintah, Utah, US,10.305185801882244,6.230099141871674
49049.0,Utah, Utah, US,3.9998431972297763,3.7193938258654513
49051.0,Wasatch, Utah, US,6.8590282528224735,6.846077186116476
50001.0,Addison, Vermont, US,8.66736497025921,10.895539069345467
50003.0,Bennington, Vermont, US,8.85521975021045,7.089035367449366
50005.0,Caledonia, Vermont, US,9.592947167463135,10.05778788119829
50007.0,Chittenden, Vermont, US,6.907839517867965,3.8929761614520495
50011.0,Franklin, Vermont, US,8.780825019311877,4.808838462987685
50017.0,Orange, Vermont, US,8.991297655784058,10.622301643225093
50019.0,Orleans, Vermont, US,9.871176815208624,11.854466121761243
50021.0,Rutland, Vermont, US,8.595931020409228,2.755709053043259
50023.0,Washington, Vermont, US,5.854910477250347,3.4877741148667365
50025.0,Windham, Vermont, US,5.037559809502334,7.466934919205174
50027.0,Windsor, Vermont, US,6.017479541346718,3.336207352367648
51001.0,Accomack, Virginia, US,4.54866807040153,3.9355555431947837
51003.0,Albemarle, Virginia, US,5.272121613348329,6.101184997302475
51009.0,Amherst, Virginia, US,6.544080358571277,6.444713941923731
51013.0,Arlington, Virginia, US,3.654054125325355,5.875612086452675
51015.0,Augusta, Virginia, US,4.8416790774691405,5.349707638060175
51019.0,Bedford, Virginia, US,7.2451082741666415,5.378148063089845
51023.0,Botetourt, Virginia, US,3.389743964992974,6.368358346395824
51031.0,Campbell, Virginia, US,8.46945322442196,4.048113983975463
51033.0,Caroline, Virginia, US,4.5844214051080305,7.144064432050229
51035.0,Carroll, Virginia, US,10.825358900637497,7.66586907520001
